LSAD,Geog,GEOID_1,STATE,DIST_NAME,Schwartzbe,AreaDist,AreaConPol,Ratio
C2,district,1311,Georgia,11,34.68319353,1101.261155,1452.221285,0.758328752
C2,district,2603,Michigan,3,33.3286735,2703.854333,3629.263572,0.745014596
C2,district,3625,New York,25,47.53587168,518.7440907,602.1168191,0.861533965
C2,district,3607,New York,7,18.47725516,28.29558765,41.39332574,0.683578503
C2,district,3609,New York,9,30.25205726,19.98029189,20.64880569,0.967624578
C2,district,3605,New York,5,33.13023732,57.47712773,64.72995668,0.887952514
C2,district,610,California,10,31.39989756,1845.171491,2399.444894,0.768999319
C2,district,1704,Illinois,4,16.72025898,60.5550081,132.4244376,0.457279708
C2,district,2901,Missouri,1,34.17222604,234.6552984,311.115197,0.754239268
C2,district,3713,North Carolina,13,15.17310529,1876.515023,2866.741031,0.654581283
C2,district,3406,New Jersey,6,22.51946831,232.4592771,485.4668934,0.478836519
C2,district,653,California,53,27.69392637,127.2907336,160.6244863,0.792474028
C2,district,4202,Pennsylvania,2,41.47418566,66.70613502,77.60245524,0.859587945
C2,district,407,Arizona,7,39.46579683,205.7033171,226.7167423,0.907314189
C2,district,1307,Georgia,7,31.86898112,404.9878953,529.6103095,0.764690354
C2,district,4818,Texas,18,20.28083355,232.3430104,363.2693844,0.639588747
C2,district,1224,Florida,24,29.68248829,136.4136549,143.5019545,0.950604857
C2,district,2609,Michigan,9,35.75947855,186.8141543,268.7122956,0.695219971
C2,district,5108,Virginia,8,33.02423908,163.794102,187.220655,0.874871963
C2,district,409,Arizona,9,22.74304669,177.5049054,282.8035904,0.627661428
C2,district,1701,Illinois,1,24.38726207,244.7647242,395.9327325,0.61819775
C2,district,2613,Michigan,13,28.34174735,205.3026886,310.3066319,0.661612313
C2,district,3916,Ohio,16,23.98755969,1228.150354,2134.937451,0.575262921
C2,district,1711,Illinois,11,23.73570699,271.403012,508.8825295,0.533331361
C2,district,3704,North Carolina,4,13.35855616,735.0461216,1231.09164,0.597068567
C2,district,1210,Florida,10,27.23528422,524.4025928,579.111591,0.905529437
C2,district,1222,Florida,22,22.3469682,180.4749814,247.022396,0.730601696
C2,district,4807,Texas,7,24.92763139,164.7674184,288.1261992,0.571858508
C2,district,4830,Texas,30,28.33010377,365.4821395,481.1349213,0.759625052
C2,district,4820,Texas,20,24.94280339,195.1448852,277.3594377,0.703581197
C2,district,4826,Texas,26,45.39273613,978.7277736,1064.880396,0.919096433
C2,district,405,Arizona,5,50.76470262,305.7463338,329.7685626,0.927154279
C2,district,4705,Tennessee,5,31.96266832,1274.974212,1604.211447,0.794766933
C2,district,4709,Tennessee,9,27.7467067,512.2449082,738.3655074,0.693755197
C2,district,1709,Illinois,9,27.41510989,102.8127752,168.6965381,0.609453972
C2,district,643,California,43,35.18988325,65.0945044,73.38254472,0.88705706
C2,district,619,California,19,29.23163313,933.0474667,1162.027949,0.802947526
C2,district,641,California,41,29.88182007,331.7078452,415.7092152,0.797932384
C2,district,646,California,46,41.21048379,74.04747263,86.41296893,0.856902309
C2,district,640,California,40,32.02691548,57.86706048,79.75572981,0.725553645
C2,district,648,California,48,31.18355641,154.1105459,207.1169469,0.744075017
C2,district,2505,Massachusetts,5,24.72599424,282.2780351,382.1056499,0.738743421
C2,district,4201,Pennsylvania,1,19.94961408,68.55546348,119.1891056,0.575182297
C2,district,5103,Virginia,3,18.5337057,778.6970807,1106.541209,0.703721718
C2,district,5111,Virginia,11,20.93307388,159.8526677,340.0466534,0.470090401
C2,district,5307,Washington,7,31.34152048,277.6320761,332.2733617,0.835553216
C2,district,2601,Michigan,1,40.43792861,26855.27771,58843.83653,0.456382168
C2,district,2614,Michigan,14,21.29978134,177.1631894,396.7639169,0.446520416
C2,district,2608,Michigan,8,39.13044833,1542.945907,2018.727226,0.764316192
C2,district,3614,New York,14,35.69458704,43.81930123,61.52863459,0.712177371
C2,district,3615,New York,15,48.83662199,22.25057201,22.25057201,1
C2,district,3401,New Jersey,1,27.65409263,370.1759178,509.6361315,0.726353363
C2,district,1216,Florida,16,39.5265361,1404.715864,1575.172657,0.891785327
C2,district,1223,Florida,23,29.32085567,197.647153,220.7306816,0.895422202
C2,district,2407,Maryland,7,19.69280986,508.9839918,896.0075312,0.568057716
C2,district,5501,Wisconsin,1,40.09760154,1769.143648,1993.090229,0.887638514
C2,district,903,Connecticut,3,30.43705665,494.7262849,709.1379125,0.69764467
C2,district,1214,Florida,14,30.51701945,368.5924979,434.1982283,0.848903736
C2,district,3613,New York,13,38.11219164,4.125219388,4.162839346,0.990962909
C2,district,3606,New York,6,39.23943256,24.65187803,31.12368863,0.792061581
C2,district,4216,Pennsylvania,16,23.51203253,1057.057876,1672.787098,0.631914173
C1,district,3000,Montana,0,45.99329923,146953.0818,159075.6634,0.923793612
C2,district,3409,New Jersey,9,27.80653727,104.370847,160.3873215,0.650742503
C2,district,2705,Minnesota,5,45.56398458,150.2790693,167.3527765,0.897977747
C2,district,634,California,34,31.096994,41.9069538,57.01618408,0.735001026
C2,district,3908,Ohio,8,32.84406995,2467.278885,3982.763413,0.619489191
C2,district,3907,Ohio,7,24.81733864,3914.219276,6383.093948,0.613216617
C2,district,4104,Oregon,4,39.02318828,17422.59522,20135.54926,0.865265456
C2,district,5101,Virginia,1,26.8183515,4580.171677,6275.376223,0.729864077
C2,district,2202,Louisiana,2,14.85349444,1478.568411,3819.465701,0.387113939
C2,district,1212,Florida,12,39.15796229,934.4297912,1216.782789,0.76795119
C2,district,3102,Nebraska,2,40.68016454,537.2524921,608.1539708,0.88341525
C2,district,635,California,35,27.92451786,172.4024651,254.780475,0.676670632
C2,district,1203,Florida,3,35.75407258,3840.86242,4258.853324,0.901853651
C2,district,3201,Nevada,1,46.52217503,102.5629158,111.9828689,0.91588041
C2,district,4803,Texas,3,40.76950721,522.266893,590.7988415,0.884001214
C2,district,3617,New York,17,38.96201092,437.1065472,477.7252892,0.914974687
C2,district,1227,Florida,27,37.13028916,142.8140408,223.988535,0.637595316
C2,district,1301,Georgia,1,28.50767502,8493.443936,11386.05651,0.745951324
C2,district,1309,Georgia,9,34.29767958,5368.290696,6342.062345,0.846458203
C2,district,1713,Illinois,13,27.42040567,5859.212033,10492.25443,0.558432134
C2,district,1803,Indiana,3,47.04969413,4234.632258,4707.727072,0.899506746
C2,district,1904,Iowa,4,42.31972502,22848.72254,25872.16083,0.883139321
C2,district,2701,Minnesota,1,37.79618198,12185.20783,14666.75903,0.830804392
C2,district,3913,Ohio,13,21.61098224,918.1275066,1535.494952,0.597935868
C2,district,4002,Oklahoma,2,31.38500181,21746.68448,26928.74583,0.807563955
C2,district,4813,Texas,13,31.71093653,38641.83808,57495.27611,0.672087182
C1,district,5000,Vermont,0,39.53690841,9627.593507,11596.33987,0.830226918
C2,district,603,California,3,25.69968431,6325.056104,10053.14773,0.629161759
C2,district,4501,South Carolina,1,18.11107214,1779.02292,3551.815495,0.500877065
C2,district,4817,Texas,17,26.12568973,7756.499828,11516.50521,0.673511598
C2,district,4825,Texas,25,22.3347202,7754.034855,12749.77028,0.608170554
C2,district,636,California,36,38.21178212,5999.030944,6365.538463,0.942423171
C2,district,1201,Florida,1,38.10331204,4440.36962,5385.659524,0.824480196
C2,district,1302,Georgia,2,33.62741033,9758.599263,11727.79757,0.83209138
C2,district,1804,Indiana,4,42.57513336,6376.156386,7799.644639,0.817493191
C2,district,1903,Iowa,3,42.92221713,8832.642574,10562.33611,0.836239491
C2,district,2102,Kentucky,2,20.38899776,7320.958317,11292.69347,0.6482916
C2,district,2302,Maine,2,33.08702376,29770.75587,35201.71137,0.845718993
C2,district,3503,New Mexico,3,39.3640981,45090.61879,56733.03247,0.79478598
C2,district,2904,Missouri,4,29.91590557,14728.64614,21703.83559,0.678619504
C2,district,3611,New York,11,41.07854072,74.51633107,101.448691,0.734522352
C2,district,4836,Texas,36,28.92612507,7594.021025,9655.576443,0.786490695
C2,district,4801,Texas,1,29.98674969,8265.70851,10645.72651,0.776434422
C2,district,5110,Virginia,10,21.751969,1388.800649,2292.994922,0.605671053
C2,district,5306,Washington,6,42.52652795,7528.752175,8883.804676,0.84746935
C2,district,106,Alabama,6,23.05708664,4226.414771,6116.575855,0.690977251
C2,district,5301,Washington,1,32.79340738,6369.291895,7992.933918,0.796865326
C2,district,645,California,45,36.18698638,302.6466448,369.5433891,0.818974588
C2,district,501,Arkansas,1,21.51397496,19837.53878,27967.98339,0.709294571
C2,district,803,Colorado,3,37.37058069,49852.74746,63220.58198,0.788552492
C2,district,2503,Massachusetts,3,28.20746832,782.3762895,1141.417062,0.68544296
C2,district,2612,Michigan,12,30.47965653,423.7924883,632.9569218,0.669543967
C2,district,2707,Minnesota,7,34.4169376,35394.39092,48446.10326,0.730593145
C2,district,2803,Mississippi,3,24.81175633,12888.02711,20147.24312,0.639691844
C2,district,3103,Nebraska,3,39.15393525,67840.21864,82289.99304,0.824404233
C2,district,3906,Ohio,6,23.11033527,7233.355215,12003.7739,0.602590091
C2,district,4701,Tennessee,1,28.4237583,4241.14679,5484.893683,0.773241385
C2,district,4005,Oklahoma,5,31.39226873,2085.643726,3103.108833,0.672114269
C2,district,4211,Pennsylvania,11,21.62107411,3444.499959,6035.288538,0.570726642
C2,district,404,Arizona,4,21.27634786,33408.23988,53444.72565,0.625098913
C2,district,613,California,13,46.1337497,108.5028136,116.2524015,0.933338255
C2,district,605,California,5,27.76643043,1817.419274,2517.082637,0.722034012
C2,district,1204,Florida,4,23.84530305,1739.645175,2411.748214,0.721321225
C2,district,1601,Idaho,1,27.05640154,39980.67863,54261.74072,0.736811575
C2,district,2101,Kentucky,1,20.9174142,12565.00008,20092.19909,0.62536709
C2,district,2506,Massachusetts,6,34.01256521,579.8245966,780.1016576,0.743267997
C2,district,2708,Minnesota,8,39.13885572,30239.16747,39930.35756,0.757297688
C2,district,3702,North Carolina,2,18.93482069,2733.181721,3811.806538,0.717030546
C2,district,4833,Texas,33,16.90017945,224.0146558,470.9812925,0.475633872
C2,district,1306,Georgia,6,31.27020455,319.6804414,449.3080967,0.711494949
C2,district,105,Alabama,5,31.78358681,3852.73637,4936.392604,0.780476084
C2,district,401,Arizona,1,28.88189864,55172.5078,74305.61278,0.742507944
C2,district,1312,Georgia,12,25.96594066,8323.894525,12166.7264,0.684152356
C2,district,2205,Louisiana,5,18.57373791,14958.26932,26008.00099,0.575141062
C2,district,2602,Michigan,2,43.53616299,3413.043367,4085.394853,0.835425581
C2,district,2605,Michigan,5,30.64343299,2431.068713,4109.058825,0.591636386
C2,district,3403,New Jersey,3,25.86844439,998.470667,1422.045315,0.702137025
C2,district,1809,Indiana,9,36.6306702,4554.376695,5651.491819,0.80587159
C2,district,1712,Illinois,12,28.65470153,5196.138355,7872.570758,0.660030696
C2,district,2206,Louisiana,6,16.00024617,4442.193275,7288.402271,0.609487938
C2,district,2509,Massachusetts,9,32.01693662,1577.158687,3527.618758,0.447088757
C2,district,2702,Minnesota,2,36.22634347,2527.525533,3395.934466,0.744279832
C2,district,2903,Missouri,3,29.92179536,6975.95014,8992.400732,0.775760595
C2,district,4707,Tennessee,7,29.49014594,9327.858728,12951.73588,0.720201432
C2,district,4834,Texas,34,20.25750203,9099.566563,16202.20394,0.561625233
C2,district,632,California,32,27.23249595,136.9742415,179.0384909,0.765054714
C2,district,1207,Florida,7,28.93546356,421.9103687,518.7096907,0.813384397
C2,district,1703,Illinois,3,30.37423898,251.4641487,340.6613913,0.738164509
C2,district,2404,Maryland,4,18.65475309,322.2388436,540.8873574,0.595759615
C2,district,4829,Texas,29,20.25812799,201.698875,295.0339145,0.683646405
C2,district,5309,Washington,9,32.16062428,207.1117115,326.1143493,0.635089231
C2,district,3712,North Carolina,12,11.02899687,413.3957475,518.6460052,0.797067255
C2,district,611,California,11,33.0119383,495.8880935,644.6713864,0.769210646
C2,district,1218,Florida,18,40.69484826,1694.726051,2089.805879,0.81094903
C2,district,1602,Idaho,2,34.86093299,43680.69486,53613.27634,0.814736533
C2,district,1808,Indiana,8,26.75884644,7357.927609,10329.07567,0.712351022
C2,district,2003,Kansas,3,44.15157594,766.6603468,903.2266895,0.848801697
C2,district,2501,Massachusetts,1,35.90149234,2380.188712,3195.766269,0.744794366
C2,district,2706,Minnesota,6,31.08216034,3031.5942,4861.823259,0.623550886
C2,district,3203,Nevada,3,34.455423,2890.207176,3151.202284,0.917176022
C2,district,3619,New York,19,32.42851969,8084.858689,10566.757,0.765122042
C2,district,5305,Washington,5,43.26320623,15704.63364,18603.82349,0.844161613
C2,district,1313,Georgia,13,24.95494375,704.419331,1172.847131,0.600606262
C2,district,2703,Minnesota,3,38.25949168,578.3524524,756.5990385,0.764410768
C2,district,4903,Utah,3,28.46699267,20252.67663,32037.65963,0.632152188
C2,district,5403,West Virginia,3,25.18337999,9834.189171,14517.14224,0.677419082
C2,district,614,California,14,31.05698698,268.3393719,385.1718313,0.696674445
C2,district,608,California,8,30.55267737,33048.85921,40307.32927,0.819921831
C2,district,1219,Florida,19,30.85086715,1052.708532,1646.261078,0.639454183
C2,district,1314,Georgia,14,34.54253294,3623.783693,4647.086376,0.779796931
C2,district,2201,Louisiana,1,22.74923164,6663.984048,11991.04196,0.555746871
C2,district,1502,Hawaii,2,12.86197286,6255.135321,27954.71837,0.223759554
C2,district,1805,Indiana,5,39.684908,1934.004264,2489.091943,0.776991895
C2,district,1807,Indiana,7,48.86275904,309.6631285,323.1734156,0.958194931
C2,district,3411,New Jersey,11,30.24854476,523.656364,721.5603413,0.725727751
C2,district,4208,Pennsylvania,8,32.90559225,721.4705278,924.9529492,0.780007814
C2,district,4831,Texas,31,35.40467326,2215.782698,2691.342638,0.823300113
C2,district,3608,New York,8,28.90823587,47.10644501,93.13034654,0.50581198
C2,district,4003,Oklahoma,3,32.94882562,34431.20018,49282.95393,0.698643191
C2,district,4203,Pennsylvania,3,29.99479433,3902.723765,5694.581773,0.685339841
C2,district,5102,Virginia,2,27.08022447,1543.762116,4455.726131,0.346467011
C2,district,5502,Wisconsin,2,44.78289579,4610.708994,5240.392489,0.879840394
C2,district,630,California,30,30.98958413,146.0132473,193.0756742,0.756248802
C2,district,1215,Florida,15,31.75690062,1136.92494,1485.916957,0.765133566
C2,district,4702,Tennessee,2,21.3518993,2439.936477,4384.473571,0.556494739
C2,district,4832,Texas,32,23.70562331,193.356297,308.4320231,0.626900849
C2,district,649,California,49,30.41556523,585.2176215,826.9457956,0.707685588
C2,district,631,California,31,24.22473029,232.9391965,360.1508034,0.646782387
C2,district,901,Connecticut,1,27.52911937,704.9836349,1019.317051,0.691623508
C2,district,1303,Georgia,3,32.76929395,3937.316557,4957.646411,0.794190676
C2,district,1217,Florida,17,36.16767115,6200.903168,7793.25796,0.795675339
C2,district,1715,Illinois,15,28.09269338,14875.30721,21032.70197,0.707246612
C2,district,1806,Indiana,6,42.70811038,6255.896028,7227.775762,0.865535434
C2,district,2104,Kentucky,4,20.80991286,4490.874452,8197.240376,0.54785199
C2,district,2403,Maryland,3,12.82760078,291.0422511,1018.962667,0.28562602
C2,district,2704,Minnesota,4,47.8001964,370.3534948,414.2295447,0.894077932
C2,district,2906,Missouri,6,28.71963349,18382.49843,24130.57849,0.761792695
C2,district,3204,Nevada,4,42.28674505,51209.25219,58552.27695,0.874590278
C2,district,3905,Ohio,5,36.86307422,5661.214183,7351.117462,0.770116137
C2,district,3904,Ohio,4,25.5560714,4704.445959,8656.208437,0.543476511
C2,district,4218,Pennsylvania,18,25.77781526,2074.996831,3104.670079,0.668346967
C2,district,4503,South Carolina,3,32.89902759,5469.515747,6351.685573,0.861112485
C2,district,4706,Tennessee,6,31.3656154,6609.499136,9266.837084,0.713242186
C2,district,4823,Texas,23,27.46458279,58340.61788,79951.58388,0.729699339
C2,district,5402,West Virginia,2,18.02515902,8087.807958,15752.89259,0.513417324
C2,district,5506,Wisconsin,6,35.5759375,5220.174832,7544.347953,0.691931876
C2,district,5107,Virginia,7,22.45991024,3140.538745,4572.836118,0.68678139
C2,district,806,Colorado,6,25.50607243,470.0092626,843.8798664,0.55696229
C2,district,3610,New York,10,16.65490585,13.17165921,18.04152196,0.730074726
C2,district,1213,Florida,13,38.73266679,285.78291,315.3064953,0.906365439
C2,district,5310,Washington,10,32.52651441,910.1080662,1201.19841,0.757666726
C2,district,1202,Florida,2,35.9237649,11676.05503,19542.28252,0.597476524
C2,district,1220,Florida,20,27.77774299,2401.097487,3196.752962,0.751105111
C2,district,1225,Florida,25,33.30028062,3634.360493,5299.78876,0.685755727
C2,district,1226,Florida,26,23.93344792,3118.503751,7129.403918,0.437414374
C2,district,1209,Florida,9,34.57733409,2643.656261,2993.200248,0.883220648
C2,district,3707,North Carolina,7,21.04756649,6084.954588,7954.769673,0.764944158
C2,district,1706,Illinois,6,25.1046061,396.0374819,654.0531342,0.605512704
C2,district,1710,Illinois,10,30.00149582,321.5555055,491.5941203,0.654107712
C2,district,1705,Illinois,5,24.15142628,97.60863122,190.6379125,0.512010596
C2,district,2106,Kentucky,6,26.95646167,4338.318073,5682.788769,0.763413572
C2,district,1716,Illinois,16,32.13744712,7983.015079,11893.47209,0.671209805
C2,district,3706,North Carolina,6,22.94409035,3986.289879,5218.301959,0.76390556
C2,district,3703,North Carolina,3,19.97871897,10574.73481,13578.72184,0.778772475
C2,district,3711,North Carolina,11,27.94350375,6676.84492,8094.891549,0.824822035
C2,district,3709,North Carolina,9,16.77525629,3918.787624,6106.0748,0.641785067
C2,district,3708,North Carolina,8,29.08182851,2995.069271,4436.347032,0.6751206
C2,district,1221,Florida,21,31.52057696,250.3762305,357.3390902,0.700668461
C2,district,4827,Texas,27,23.94403244,10388.84034,17079.18757,0.608274855
C2,district,4814,Texas,14,23.2939037,2996.398506,5229.438334,0.572986679
C2,district,4805,Texas,5,24.71837339,5215.681364,7645.453387,0.682193861
C2,district,4824,Texas,24,33.82937192,272.3613752,343.0299562,0.793987144
C2,district,4811,Texas,11,27.43355055,28065.40915,45547.7252,0.616175869
C2,district,4812,Texas,12,31.74786849,1481.54568,1915.120523,0.773604409
C2,district,4808,Texas,8,30.66462351,6218.260833,7364.912298,0.844308877
C2,district,4802,Texas,2,18.23642123,334.5239998,772.5887639,0.432991024
C2,district,4821,Texas,21,26.908251,5920.488608,7624.438242,0.776514731
C2,district,4804,Texas,4,27.45468562,10542.04188,13379.55201,0.787921889
C2,district,4835,Texas,35,13.64208414,614.1726832,1612.549802,0.380870521
C2,district,4809,Texas,9,23.08908746,169.7130382,268.4669125,0.632156256
C2,district,4819,Texas,19,33.23125183,25944.10267,36745.15398,0.706055081
C2,district,403,Arizona,3,29.41815183,15658.67975,20804.61821,0.75265403
C2,district,406,Arizona,6,35.12655928,623.9621033,723.1174468,0.862877954
C2,district,3501,New Mexico,1,33.47048389,4616.364136,6453.361434,0.715342567
C2,district,3502,New Mexico,2,40.16338618,71881.74812,84568.10037,0.849986553
C2,district,4901,Utah,1,34.98999533,20800.79667,30759.62803,0.676236938
C2,district,4904,Utah,4,30.27421155,2699.49916,4189.73512,0.644312608
C2,district,2905,Missouri,5,26.10185048,2447.404571,3535.624567,0.692212797
C2,district,1802,Indiana,2,44.32536206,4009.749747,4852.163194,0.826383942
C2,district,4103,Oregon,3,31.05713203,1116.402858,1565.43991,0.713155996
C2,district,4105,Oregon,5,24.88445935,5265.619433,8636.896897,0.609665658
C2,district,2103,Kentucky,3,36.85526367,331.2772754,419.5442137,0.789612309
C2,district,4703,Tennessee,3,21.62982528,4677.869241,7625.326301,0.613464796
C2,district,1718,Illinois,18,29.95174601,10671.45088,14391.72106,0.741499285
C2,district,2105,Kentucky,5,30.87693027,11351.46846,14483.46299,0.783753752
C2,district,1707,Illinois,7,24.57092993,67.37496744,117.9012513,0.571452522
C2,district,1702,Illinois,2,38.48450161,1089.672865,1346.612377,0.809195641
C2,district,1714,Illinois,14,28.00361179,1616.501193,2453.883976,0.658752088
C2,district,4708,Tennessee,8,30.60026361,6974.852948,8459.415219,0.824507696
C2,district,4205,Pennsylvania,5,32.08869991,10809.32544,14670.92182,0.736785703
C2,district,4213,Pennsylvania,13,19.73382798,160.827625,236.2972109,0.680615841
C2,district,4209,Pennsylvania,9,23.08364382,5789.651955,8685.836347,0.666562404
C2,district,4215,Pennsylvania,15,23.17628402,1291.686513,2145.479406,0.602050297
C2,district,4504,South Carolina,4,33.05193743,1336.338852,1635.905643,0.816880153
C2,district,4505,South Carolina,5,27.81971108,5613.837049,7388.761062,0.759780564
C2,district,4102,Oregon,2,43.38852026,70163.86282,80651.29141,0.86996577
C2,district,1708,Illinois,8,30.36840531,205.0142547,338.1912415,0.606208055
C2,district,504,Arkansas,4,33.82443853,22758.43648,28472.02909,0.799326118
C2,district,502,Arkansas,2,31.45244577,5072.588404,7079.197766,0.716548481
C2,district,624,California,24,25.06009576,7036.107821,11394.13577,0.617520096
C2,district,650,California,50,33.13524298,2801.982032,3438.545695,0.814874159
C2,district,623,California,23,27.2656837,9938.921045,13745.515,0.723066472
C2,district,652,California,52,24.12400394,292.1276209,480.1577643,0.608399244
C2,district,618,California,18,33.95927077,697.3535023,858.4472228,0.812342895
C2,district,620,California,20,39.65791425,4908.962104,5738.340447,0.855467212
C2,district,642,California,42,22.46644471,936.8695581,1502.853301,0.623393885
C2,district,626,California,26,25.94400187,979.7790072,2913.608438,0.336276829
C2,district,651,California,51,29.08435825,5105.084321,6780.233002,0.752936414
C2,district,601,California,1,34.51333157,28860.92866,33265.2237,0.867600619
C2,district,617,California,17,35.91218577,197.0503555,235.1014931,0.838150166
C2,district,616,California,16,29.84087725,2897.933758,3859.29752,0.750896696
C2,district,633,California,33,26.77910268,297.7769736,686.1116851,0.434006562
C2,district,615,California,15,36.00950299,597.7972794,769.9623054,0.776398111
C2,district,612,California,12,34.3721254,44.00786547,45.79521058,0.960970916
C2,district,638,California,38,34.70589468,89.90138517,132.7531995,0.677206918
C2,district,647,California,47,23.06469717,276.0333472,1649.86032,0.167307101
C2,district,621,California,21,26.94335862,6725.557536,9325.02069,0.721237814
C2,district,604,California,4,32.75968388,13170.75862,15934.36363,0.826563202
C2,district,622,California,22,27.08956423,1159.461821,2075.991439,0.558509924
C2,district,1501,Hawaii,1,35.58359256,216.8466982,331.0073348,0.65511146
C2,district,3202,Nevada,2,48.99080192,56355.79705,62975.56891,0.894883493
C2,district,2504,Massachusetts,4,24.77194592,694.675875,1030.199087,0.67431226
C2,district,2507,Massachusetts,7,18.56003844,88.63145678,137.266383,0.64568946
C2,district,2502,Massachusetts,2,32.68181847,1734.315112,2198.646945,0.788810189
C2,district,2508,Massachusetts,8,23.16654161,350.4572937,601.9554425,0.582198065
C2,district,2804,Mississippi,4,38.3894443,8150.588202,9557.427791,0.852801442
C2,district,2802,Mississippi,2,22.21721431,15839.7097,19978.754,0.792827706
C2,district,4217,Pennsylvania,17,16.86716931,1744.025681,3733.275714,0.467156946
C2,district,4210,Pennsylvania,10,23.20701601,8490.824284,14263.94597,0.595264754
C2,district,4204,Pennsylvania,4,37.78271768,1518.31713,1768.583286,0.858493429
C2,district,4507,South Carolina,7,31.30629899,5448.867595,6880.288078,0.791953409
C2,district,4502,South Carolina,2,24.80244898,3086.600559,4240.232573,0.727931901
C2,district,5105,Virginia,5,23.42501762,10162.08815,15620.2724,0.650570483
C2,district,5104,Virginia,4,27.41670417,3775.26614,5001.802488,0.754781131
C2,district,5109,Virginia,9,24.83666123,9165.952229,13632.6347,0.672353689
C2,district,5106,Virginia,6,23.71335871,5965.78946,8562.551897,0.696730313
C2,district,1211,Florida,11,34.610251,2691.050949,3392.734124,0.793180618
C2,district,1208,Florida,8,36.90996244,2098.238949,2864.973367,0.732376424
C2,district,2907,Missouri,7,42.57809852,6357.887451,7751.877165,0.820173916
C2,district,2902,Missouri,2,33.7022116,490.0213187,617.9356619,0.792997312
C2,district,5303,Washington,3,33.32999944,9391.980955,13165.96282,0.713353143
C2,district,5304,Washington,4,31.42227004,19555.75243,29663.35568,0.659256244
C2,district,5302,Washington,2,35.78896905,1593.308065,2259.290417,0.705224992
C2,district,5308,Washington,8,28.80813182,7502.840081,11304.0438,0.663730627
C2,district,5401,West Virginia,1,21.62832513,6380.560881,13600.8816,0.469128478
C2,district,2607,Michigan,7,35.84147733,4312.954643,6126.814412,0.703947329
C2,district,2610,Michigan,10,44.62151777,4287.600864,4877.973666,0.878971712
C2,district,2604,Michigan,4,42.41048769,8661.564292,10715.31453,0.808335049
C2,district,2611,Michigan,11,29.48476536,451.5403721,686.8123489,0.657443584
C2,district,3601,New York,1,41.8493725,918.4683044,1466.077164,0.626480193
C2,district,3627,New York,27,37.62989489,4013.741192,5208.914095,0.770552388
C2,district,3624,New York,24,43.37149536,2485.329095,3270.486182,0.759926493
C2,district,3616,New York,16,39.35712433,86.48092503,110.006575,0.786143237
C2,district,3623,New York,23,36.59122357,7569.718611,9800.998791,0.772341551
C2,district,3612,New York,12,47.55445087,27.90230336,29.56457076,0.94377502
C2,district,3620,New York,20,37.2144383,1274.703312,1618.125687,0.787765327
C2,district,3603,New York,3,43.66484494,293.3633756,348.1115555,0.842728059
C2,district,3621,New York,21,42.95916655,15982.72684,17419.78419,0.917504296
C2,district,3626,New York,26,43.3551978,238.2034654,296.3804187,0.803708512
C2,district,3622,New York,22,30.52150927,5206.725513,8050.963237,0.646720816
C2,district,101,Alabama,1,24.73526253,6242.511746,9269.065553,0.673478002
C2,district,104,Alabama,4,26.61670312,9098.35026,14553.02241,0.625186302
C2,district,107,Alabama,7,22.98636895,10284.98918,16493.09503,0.623593641
C2,district,102,Alabama,2,28.19266177,10272.57646,13791.31086,0.744858597
C2,district,3404,New Jersey,4,27.96435568,696.2801698,961.1363186,0.724434356
C2,district,3405,New Jersey,5,26.83232021,1037.690966,1734.432608,0.598288433
C2,district,3402,New Jersey,2,32.86754739,2279.93222,2892.09586,0.788332175
C2,district,3412,New Jersey,12,24.70708905,401.4068787,647.8625205,0.619586511
C2,district,805,Colorado,5,39.04625044,7301.386477,9143.821192,0.798504949
C2,district,804,Colorado,4,39.51513831,38276.70338,47011.71391,0.814195021
C2,district,807,Colorado,7,27.37853414,351.2509267,527.497771,0.665881348
C2,district,802,Colorado,2,31.06648132,7631.702432,9966.790233,0.765713159
C2,district,1206,Florida,6,29.36573702,2409.366856,3179.250899,0.757841055
C2,district,1205,Florida,5,12.5192761,3901.115774,5508.12684,0.708247266
C2,district,904,Connecticut,4,31.53557752,490.8443199,716.6955868,0.684871414
C2,district,902,Connecticut,2,42.66805457,2046.624746,2456.536748,0.833134187
C2,district,4401,Rhode Island,1,31.0199562,383.8895491,624.2419828,0.61496913
C2,district,4402,Rhode Island,2,33.78587203,853.1351744,1168.117716,0.730350343
C2,district,408,Arizona,8,27.24704719,540.4475745,802.1887742,0.673716202
C2,district,644,California,44,32.02422405,91.83704079,117.8149284,0.779502581
C2,district,3410,New Jersey,10,24.16403869,80.89790959,135.0160428,0.599172572
C2,district,2004,Kansas,4,40.84188407,14392.02984,16697.27909,0.861938629
C2,district,2908,Missouri,8,34.82929723,20047.5638,24667.0128,0.812727668
C2,district,4001,Oklahoma,1,28.50522241,1673.051133,3399.009329,0.492217282
C2,district,4004,Oklahoma,4,29.82111315,9928.271501,13013.40411,0.76292655
C2,district,2401,Maryland,1,25.49267558,4588.43154,8946.301492,0.512885861
C2,district,2405,Maryland,5,32.12757416,1613.13743,2224.274107,0.725242192
C2,district,2402,Maryland,2,17.64312395,442.9528573,947.3206795,0.467584913
C2,district,2406,Maryland,6,17.40294405,1975.536301,5096.92535,0.387593729
C2,district,3901,Ohio,1,26.58445968,692.4072837,1118.214774,0.619207776
C2,district,3902,Ohio,2,30.58307786,3255.147537,3973.928707,0.819125801
C2,district,3903,Ohio,3,20.51511703,241.1707775,348.6731568,0.691681516
C2,district,3910,Ohio,10,40.12770665,1140.390936,1305.883795,0.873271374
C2,district,3911,Ohio,11,26.55814491,237.5044334,506.0153712,0.469362092
C2,district,3909,Ohio,9,31.98714585,538.9097213,1686.675544,0.319510011
C2,district,3912,Ohio,12,26.63565903,2286.387517,3684.191865,0.620594041
C2,district,2001,Kansas,1,42.2035635,52770.64808,60052.62591,0.87874006
C2,district,2002,Kansas,2,37.02897378,14381.62768,19404.5578,0.741146891
C2,district,3301,New Hampshire,1,25.23032591,2648.320139,4057.004326,0.652777253
C2,district,3302,New Hampshire,2,24.71738749,6632.890883,9385.727336,0.70669972
C2,district,5505,Wisconsin,5,39.83655107,1965.311588,2346.061569,0.83770674
C2,district,5507,Wisconsin,7,34.155251,24032.00983,33236.17822,0.723067787
C2,district,5508,Wisconsin,8,37.99836014,7066.698604,10319.05062,0.684820616
C1,district,200,Alaska,0,20.0660598,602573.7032,-675027.4025,-0.892665544
C1,district,3800,North Dakota,0,53.96518618,70708.73221,71451.60413,0.989603146
C1,district,4600,South Dakota,0,48.47324037,77111.60542,82341.71231,0.936482899
C1,district,5600,Wyoming,0,58.73758664,97818.74471,97731.89145,1.000888689
C2,district,2203,Louisiana,3,32.90148186,8059.156702,10152.49391,0.793810543
C2,district,5503,Wisconsin,3,26.23040095,11413.26536,19388.41721,0.58866411
C1,district,1000,Delaware,0,39.51455435,2055.859657,2721.660133,0.755369722
C2,district,4704,Tennessee,4,23.76367062,6095.263482,8830.71984,0.690234046
C2,district,1717,Illinois,17,26.83301852,7048.843095,13079.05269,0.53894141
C2,district,602,California,2,24.91664163,13080.95242,21787.95766,0.600375337
C2,district,2801,Mississippi,1,36.27468461,10729.14252,13135.87808,0.816781524
C2,district,2606,Michigan,6,48.93302672,3660.108308,4214.007746,0.868557565
C2,district,3618,New York,18,33.53905548,1422.407603,1948.647034,0.729946254
C2,district,3710,North Carolina,10,28.77514297,2637.035925,3690.537363,0.714539826
C2,district,1310,Georgia,10,31.62009175,7293.171361,8976.813336,0.812445473
C2,district,4816,Texas,16,48.21859261,709.649187,731.1290545,0.970620963
C2,district,2301,Maine,1,25.48824429,3865.057829,7182.124338,0.538149668
C2,district,3915,Ohio,15,25.71683727,4780.062382,6922.159409,0.690544973
C2,district,4810,Texas,10,23.77039469,5138.79252,7054.546558,0.72843697
C2,district,4206,Pennsylvania,6,18.45785701,876.3425661,1621.953344,0.540300724
C2,district,3602,New York,2,41.15265982,231.9207074,271.2526117,0.854998984
C2,district,2204,Louisiana,4,24.81375095,12851.50267,20954.15589,0.613315217
C2,district,1304,Georgia,4,34.54650211,483.3802247,584.171643,0.827462665
C2,district,1308,Georgia,8,24.95340203,8881.969586,13254.41263,0.67011416
C2,district,3101,Nebraska,1,35.2245232,8983.715911,10772.17064,0.833974527
C2,district,628,California,28,28.33259956,225.1713424,284.9685252,0.790162149
C2,district,4822,Texas,22,21.95545331,1057.833785,1478.667796,0.715396513
C2,district,1901,Iowa,1,34.45141598,12134.59309,17992.48427,0.67442566
C2,district,3408,New Jersey,8,20.5923526,66.03024438,116.6630072,0.565991277
C2,district,5504,Wisconsin,4,47.91916728,124.3144737,183.1804043,0.678645045
C2,district,1801,Indiana,1,46.71198804,1179.778856,1520.461174,0.775934878
C2,district,4101,Oregon,1,33.35970118,3088.119227,4290.34111,0.719784079
C2,district,4506,South Carolina,6,17.92534104,8400.840993,12446.33101,0.674965256
C2,district,905,Connecticut,5,30.85511611,1267.412184,1704.883038,0.743401251
C2,district,2408,Maryland,8,17.97696437,891.8566376,1614.241733,0.552492616
C2,district,4212,Pennsylvania,12,19.56377877,2195.692956,4993.696424,0.439692919
C2,district,503,Arkansas,3,23.18775277,5533.447845,10540.23614,0.52498329
C2,district,1902,Iowa,2,35.83092642,12426.28233,16870.03527,0.736588995
C2,district,3705,North Carolina,5,25.40649361,3995.330627,5166.024232,0.773385963
C2,district,4207,Pennsylvania,7,13.68743843,890.7664596,1851.558515,0.481090094
C2,district,3701,North Carolina,1,12.86890387,6076.846737,8739.340019,0.695343896
C2,district,4828,Texas,28,20.89255094,9506.564353,18970.01231,0.501136436
C2,district,4815,Texas,15,20.23593065,7874.37167,15076.78329,0.522284596
C2,district,402,Arizona,2,42.73024456,7897.194236,8873.521162,0.889972999
C2,district,4902,Utah,2,38.15846488,41149.50796,50216.1698,0.819447364
C2,district,639,California,39,34.7783765,201.456018,254.1245574,0.79274518
C2,district,625,California,25,29.48221855,1725.822456,2467.569991,0.699401623
C2,district,609,California,9,39.05471546,1317.41779,1539.789296,0.855583159
C2,district,607,California,7,43.11773696,557.585631,605.0132115,0.921609017
C2,district,103,Alabama,3,27.94893098,7744.063206,10539.82546,0.734743021
C2,district,3407,New Jersey,7,27.00473436,1001.915953,1382.087589,0.724929419
C2,district,4214,Pennsylvania,14,23.19040728,208.4344148,350.4456989,0.594769505
C2,district,637,California,37,43.31090989,54.25312817,57.0750248,0.950558118
C2,district,4806,Texas,6,29.69288621,2242.078041,2899.916437,0.773152637
C2,district,3604,New York,4,43.2989108,136.5831769,146.3950957,0.932976451
C2,district,606,California,6,29.93637966,181.7479039,258.2223449,0.703842667
C2,district,1305,Georgia,5,40.08157704,276.8801125,299.1605822,0.925523378
C2,district,629,California,29,31.93838843,78.24169762,115.9723738,0.674658068
C2,district,801,Colorado,1,22.9372916,201.6656154,337.2867316,0.59790557
C2,district,3914,Ohio,14,41.17036258,2005.562586,2405.635624,0.833693418
C2,district,627,California,27,35.61353464,702.9361006,877.3635869,0.801191332
