"","geography","geography_id","state_name","district_name","area","perimeter","max_distance_from_center","id","Schwartzberg"
"1","district",5600,"Wyoming",0,28.1535984,0.320225409,0.057455071,2,58.7375866405236
"2","district",5501,"Wisconsin",1,0.761922865,0.077168852,0.013549042,4,40.0976015430002
"3","district",5508,"Wisconsin",8,2.923923419,0.159522914,0.022024113,5,37.9983601422626
"4","district",5502,"Wisconsin",2,1.32606409,0.09115385,0.013702598,6,44.7828957904857
"5","district",5505,"Wisconsin",5,0.557960549,0.066469888,0.008657997,7,39.8365510714303
"6","district",5507,"Wisconsin",7,7.798159229,0.289830109,0.032437165,8,34.155250998639
"7","district",5506,"Wisconsin",6,2.256255866,0.149672755,0.020031407,9,35.5759375007341
"8","district",5503,"Wisconsin",3,3.318096047,0.246175302,0.02794596,10,26.2304009545467
"9","district",5504,"Wisconsin",4,0.312896735,0.041380543,0.007359414,11,47.9191672843498
"10","district",5403,"West Virginia",3,2.605618592,0.227219885,0.02468132,13,25.1833799872514
"11","district",5402,"West Virginia",2,2.172353186,0.28986184,0.034796875,14,18.0251590241629
"12","district",5401,"West Virginia",1,1.706484714,0.214108172,0.022285953,15,21.6283251341024
"13","district",5308,"Washington",8,2.316053909,0.187268257,0.020240793,17,28.8081318232112
"14","district",5304,"Washington",4,6.005763116,0.276472204,0.032573438,18,31.4222700368051
"15","district",5301,"Washington",1,2.088605023,0.156223566,0.021801197,19,32.7934073831795
"16","district",5307,"Washington",7,0.076794902,0.031343758,0.004835794,20,31.3415204820138
"17","district",5302,"Washington",2,0.648971007,0.079793661,0.011142536,21,35.7889690541485
"18","district",5305,"Washington",5,4.892159772,0.181232694,0.030132117,22,43.263206234958
"19","district",5303,"Washington",3,2.881431269,0.180540133,0.029770379,23,33.3299994383865
"20","district",5306,"Washington",6,2.760444532,0.138495135,0.019976001,24,42.5265279535733
"21","district",5309,"Washington",9,0.072468429,0.029672551,0.004327151,25,32.1606242776478
"22","district",5310,"Washington",10,0.283384006,0.058016974,0.007403391,26,32.5265144135389
"23","district",5111,"Virginia",11,0.051917681,0.038585983,0.004340321,28,20.9330738794194
"24","district",5109,"Virginia",9,2.405364681,0.221361548,0.033246555,29,24.836661234108
"25","district",5101,"Virginia",1,1.197042473,0.144619759,0.019375342,30,26.8183514980572
"26","district",5103,"Virginia",3,0.306407025,0.10587466,0.012105304,31,18.5337056963713
"27","district",5108,"Virginia",8,0.042337632,0.022086932,0.003169925,32,33.0242390839032
"28","district",5107,"Virginia",7,0.756051223,0.137237414,0.016495163,33,22.4599102352692
"29","district",5104,"Virginia",4,1.145433827,0.138380434,0.018230751,34,27.4167041688592
"30","district",5105,"Virginia",5,2.681022842,0.247785143,0.031640194,35,23.4250176188957
"31","district",5106,"Virginia",6,1.594150923,0.188745488,0.022046683,36,23.7133587141079
"32","district",5110,"Virginia",10,0.372849295,0.099511442,0.010283385,37,21.7519689967037
"33","district",5102,"Virginia",2,0.739054363,0.112535842,0.015252752,38,27.080224468543
"34","district",5000,"Vermont",0,2.800773444,0.150051802,0.024449673,40,39.5369084130714
"35","district",4901,"Utah",1,5.780322949,0.243577461,0.040192461,42,34.9899953284528
"36","district",4902,"Utah",2,11.13031631,0.309932979,0.043982851,43,38.1584648842536
"37","district",4903,"Utah",3,5.441776408,0.290491674,0.041557552,44,28.4669926677868
"38","district",4904,"Utah",4,0.768876126,0.102673952,0.014799094,45,30.2742115497269
"39","district",4804,"Texas",4,2.636367456,0.20964834,0.025139035,47,27.4546856177892
"40","district",4808,"Texas",8,1.522300561,0.142632173,0.014539154,48,30.6646235142368
"41","district",4827,"Texas",27,2.607318278,0.239058761,0.026898141,49,23.9440324439092
"42","district",4834,"Texas",34,2.242967412,0.262077974,0.03540161,50,20.2575020314504
"43","district",4825,"Texas",25,1.905038938,0.219066689,0.028085806,51,22.3347201967444
"44","district",4821,"Texas",21,1.447977929,0.158525975,0.019470065,52,26.9082509992316
"45","district",4828,"Texas",28,2.258419103,0.254985645,0.031837666,53,20.8925509443226
"46","district",4836,"Texas",36,1.845395412,0.166478974,0.018841959,54,28.9261250658807
"47","district",4806,"Texas",6,0.555333761,0.088967125,0.012875727,55,29.6928862105237
"48","district",4810,"Texas",10,1.244015613,0.166334162,0.02205506,56,23.7703946922516
"49","district",4811,"Texas",11,6.953106269,0.340731548,0.046307428,57,27.4335505494558
"50","district",4819,"Texas",19,6.498363013,0.271931936,0.041307125,58,33.2312518284933
"51","district",4817,"Texas",17,1.899012779,0.186982564,0.021194044,59,26.1256897322378
"52","district",4823,"Texas",23,14.13505208,0.485266859,0.06620724,60,27.4645827855274
"53","district",4813,"Texas",13,9.878729373,0.351355218,0.058658825,61,31.7109365325156
"54","district",4801,"Texas",1,2.060328429,0.169685122,0.020196173,62,29.9867496948703
"55","district",4815,"Texas",15,1.867182296,0.239372971,0.036931273,63,20.2359306481611
"56","district",4805,"Texas",5,1.292224888,0.163024957,0.018960523,64,24.7183733892126
"57","district",4824,"Texas",24,0.069841642,0.027692886,0.0040033,65,33.8293719230468
"58","district",4833,"Texas",33,0.056398671,0.049813614,0.004671909,66,16.9001794465068
"59","district",4812,"Texas",12,0.359251807,0.066925225,0.007594726,67,31.7478684939903
"60","district",4826,"Texas",26,0.252326108,0.039228316,0.006298596,68,45.3927361316527
"61","district",4820,"Texas",20,0.05145413,0.032238126,0.003195715,69,24.9428033863441
"62","district",4835,"Texas",35,0.143237172,0.098344953,0.01404447,70,13.6420841424
"63","district",4814,"Texas",14,0.821257357,0.137912075,0.018194946,71,23.2939037005823
"64","district",4831,"Texas",31,0.539264003,0.073526697,0.008780525,72,35.4046732612696
"65","district",4816,"Texas",16,0.181866399,0.0313521,0.005754798,73,48.218592612993
"66","district",4822,"Texas",22,0.257425166,0.081919638,0.008752869,74,21.9554533056396
"67","district",4809,"Texas",9,0.038320193,0.030054673,0.003468611,75,23.0890874560416
"68","district",4829,"Texas",29,0.046664106,0.037800461,0.003815322,76,20.2581279883476
"69","district",4807,"Texas",7,0.041410531,0.02893872,0.003575997,77,24.9276313857797
"70","district",4818,"Texas",18,0.056862222,0.04168032,0.003868817,78,20.2808335503317
"71","district",4802,"Texas",2,0.080657825,0.055206291,0.005692039,79,18.2364212284829
"72","district",4832,"Texas",32,0.04944541,0.033251906,0.003506336,80,23.705623312657
"73","district",4803,"Texas",3,0.127785482,0.031082091,0.004607969,81,40.7695072149342
"74","district",4830,"Texas",30,0.092092076,0.037972387,0.004328488,82,28.3301037663847
"75","district",4704,"Tennessee",4,1.567419498,0.186760071,0.019656556,84,23.7636706175045
"76","district",4702,"Tennessee",2,0.632437698,0.13203142,0.012936739,85,21.3518992954721
"77","district",4708,"Tennessee",8,1.809856524,0.155848217,0.018359356,86,30.6002636097914
"78","district",4706,"Tennessee",6,1.714519593,0.147986584,0.020454438,87,31.3656153951776
"79","district",4701,"Tennessee",1,1.092898079,0.130380686,0.017656359,88,28.4237583037222
"80","district",4705,"Tennessee",5,0.331438764,0.06385039,0.007943601,89,31.9626683188982
"81","district",4707,"Tennessee",7,2.392848812,0.185945486,0.022673011,90,29.4901459385484
"82","district",4703,"Tennessee",3,1.216975154,0.180797648,0.019442177,91,21.6298252841244
"83","district",4709,"Tennessee",9,0.129330651,0.045945631,0.005432818,92,27.7467067043689
"84","district",4600,"South Dakota",0,22.58619975,0.347555737,0.058604895,94,48.4732403685284
"85","district",4504,"South Carolina",4,0.336074271,0.06217641,0.008680391,96,33.0519374282896
"86","district",4503,"South Carolina",3,1.388952471,0.126988842,0.016210268,97,32.8990275853351
"87","district",4507,"South Carolina",7,1.445660176,0.136146447,0.01974097,98,31.3062989942863
"88","district",4505,"South Carolina",5,1.429126867,0.152330795,0.018462461,99,27.8197110780134
"89","district",4501,"South Carolina",1,0.59736236,0.151279367,0.015951641,100,18.1110721392261
"90","district",4506,"South Carolina",6,2.101275409,0.286667853,0.021424697,101,17.9253410449201
"91","district",4502,"South Carolina",2,0.785409435,0.126665524,0.013748562,102,24.8024489814136
"92","district",4401,"Rhode Island",1,0.14586396,0.043645327,0.007474307,104,31.0199562015072
"93","district",4402,"Rhode Island",2,0.293582122,0.056850541,0.008330743,105,33.7858720293788
"94","district",4206,"Pennsylvania",6,0.239037654,0.093898102,0.009041649,107,18.4578570052203
"95","district",4216,"Pennsylvania",16,0.288328547,0.080957778,0.008048206,108,23.5120325267995
"96","district",4215,"Pennsylvania",15,0.357706638,0.091479678,0.012811119,109,23.1762840242442
"97","district",4209,"Pennsylvania",9,1.580862469,0.193084589,0.01994241,110,23.0836438175449
"98","district",4201,"Pennsylvania",1,0.022868502,0.026871338,0.004035993,111,19.9496140821189
"99","district",4207,"Pennsylvania",7,0.239346688,0.126705791,0.008224396,112,13.6874384317992
"100","district",4217,"Pennsylvania",17,0.481783714,0.145877659,0.012835869,113,16.8671693105354
"101","district",4218,"Pennsylvania",18,0.573721273,0.104161998,0.012700888,114,25.7778152581697
"102","district",4214,"Pennsylvania",14,0.062115796,0.038097597,0.004327375,115,23.1904072824177
"103","district",4212,"Pennsylvania",12,0.601379799,0.140516268,0.016076927,116,19.5637787669888
"104","district",4210,"Pennsylvania",10,2.368744174,0.235095713,0.02519523,117,23.2070160068099
"105","district",4211,"Pennsylvania",11,0.952133177,0.159983987,0.021265803,118,21.6210741125261
"106","district",4203,"Pennsylvania",3,1.309839815,0.135259612,0.019513194,119,29.9947943347007
"107","district",4205,"Pennsylvania",5,2.998864118,0.191307151,0.024428799,120,32.0886999108745
"108","district",4204,"Pennsylvania",4,0.421522121,0.060914674,0.009569975,121,37.7827176761953
"109","district",4208,"Pennsylvania",8,0.198708742,0.048022383,0.006750296,122,32.9055922503003
"110","district",4202,"Pennsylvania",2,0.020087198,0.012113977,0.001903179,123,41.4741856602478
"111","district",4213,"Pennsylvania",13,0.042492149,0.037029508,0.003648862,124,19.7338279785825
"112","district",4101,"Oregon",1,0.978246534,0.105101022,0.013585014,126,33.3597011820926
"113","district",4103,"Oregon",3,0.334220068,0.065987222,0.008605524,127,31.0571320256301
"114","district",4105,"Oregon",5,1.66970969,0.184076016,0.019146551,128,24.8844593524772
"115","district",4102,"Oregon",2,20.38757869,0.368903621,0.056965424,129,43.3885202640704
"116","district",4104,"Oregon",4,5.233951169,0.20782463,0.029267843,130,39.0231882766956
"117","district",4005,"Oklahoma",5,0.538491419,0.082865093,0.012307623,132,31.3922687305748
"118","district",4004,"Oklahoma",4,2.530523375,0.189097705,0.021845364,133,29.8211131549248
"119","district",4001,"Oklahoma",1,0.436973811,0.082206887,0.014206449,134,28.5052224140855
"120","district",4002,"Oklahoma",2,5.57651515,0.266725303,0.034267392,135,31.3850018116113
"121","district",4003,"Oklahoma",3,8.907127066,0.321095202,0.060424025,136,32.9488256177909
"122","district",3901,"Ohio",1,0.191137413,0.058297502,0.007631293,138,26.5844596787782
"123","district",3903,"Ohio",3,0.064124516,0.043756541,0.003151189,139,20.5151170329495
"124","district",3912,"Ohio",12,0.635064485,0.106059701,0.014777064,140,26.635659025163
"125","district",3914,"Ohio",14,0.94796122,0.0838331,0.012627781,141,41.1703625754505
"126","district",3911,"Ohio",11,0.202880698,0.060121189,0.011248532,142,26.5581449129566
"127","district",3905,"Ohio",5,1.553512976,0.119859048,0.015666132,143,36.8630742193965
"128","district",3904,"Ohio",4,1.313239187,0.158958134,0.022831438,144,25.5560714004374
"129","district",3907,"Ohio",7,1.062921799,0.147265285,0.013575028,145,24.8173386359101
"130","district",3916,"Ohio",16,0.345345286,0.086845162,0.00929523,146,23.9875596931124
"131","district",3913,"Ohio",13,0.253407726,0.082573435,0.00927511,147,21.6109822445956
"132","district",3908,"Ohio",8,0.664577214,0.087987441,0.012248669,148,32.8440699502115
"133","district",3902,"Ohio",2,0.876728927,0.108531651,0.014449437,149,30.5830778617259
"134","district",3906,"Ohio",6,1.988941618,0.21632649,0.027658932,150,23.1103352690963
"135","district",3909,"Ohio",9,0.601379799,0.085941684,0.014749604,151,31.9871458454887
"136","district",3915,"Ohio",15,1.291297786,0.156639244,0.017837101,152,25.7168372733345
"137","district",3910,"Ohio",10,0.308879296,0.049097004,0.009885303,153,40.1277066546367
"138","district",3800,"North Dakota",0,21.85317155,0.307077849,0.053605315,155,53.9651861775538
"139","district",3701,"North Carolina",1,1.4614209,0.333005213,0.020500198,157,12.8689038722297
"140","district",3703,"North Carolina",3,3.086011653,0.311699478,0.029599824,158,19.9787189668531
"141","district",3706,"North Carolina",6,0.972992959,0.152401393,0.01859267,159,22.9440903494404
"142","district",3705,"North Carolina",5,0.936217936,0.135004635,0.01375474,160,25.4064936099163
"143","district",3709,"North Carolina",9,0.229921157,0.101327012,0.010502459,161,16.775256293028
"144","district",3708,"North Carolina",8,1.172628802,0.13199683,0.018732065,162,29.0818285070778
"145","district",3712,"North Carolina",12,0.139528766,0.120060679,0.013965594,163,11.0289968708837
"146","district",3710,"North Carolina",10,0.672457576,0.101022913,0.014632623,164,28.7751429719682
"147","district",3711,"North Carolina",11,1.777871524,0.169150879,0.024175645,165,27.9435037485753
"148","district",3702,"North Carolina",2,0.850152019,0.172620365,0.013605368,166,18.9348206873351
"149","district",3704,"North Carolina",4,0.273340407,0.138738607,0.012434114,167,13.3585561637673
"150","district",3713,"North Carolina",13,0.604006587,0.181573012,0.012037338,168,15.1731052918264
"151","district",3707,"North Carolina",7,1.678517154,0.218205621,0.019436635,169,21.0475664894192
"152","district",3624,"New York",24,1.047470108,0.083651042,0.012178802,171,43.3714953602892
"153","district",3627,"New York",27,1.483671335,0.114746852,0.013968329,172,37.6298948909239
"154","district",3625,"New York",25,0.361415044,0.044831842,0.006727042,173,47.5358716778998
"155","district",3611,"New York",11,0.032757584,0.015618735,0.002384386,174,41.0785407244268
"156","district",3605,"New York",5,0.033530169,0.019592879,0.00308086,175,33.1302373154555
"157","district",3602,"New York",2,0.089774323,0.025809708,0.003943201,176,41.1526598217597
"158","district",3603,"New York",3,0.101517607,0.025866859,0.004324323,177,43.6648449353258
"159","district",3604,"New York",4,0.048363792,0.018004793,0.002619292,178,43.298910803523
"160","district",3622,"New York",22,1.486143605,0.141588935,0.0185529,179,30.5215092704328
"161","district",3623,"New York",23,2.272480142,0.146042093,0.025645086,180,36.5912235673615
"162","district",3621,"New York",21,4.767619145,0.180177212,0.027215156,181,42.9591665501845
"163","district",3619,"New York",19,2.293803475,0.165560188,0.019533941,182,32.4285196911315
"164","district",3618,"New York",18,0.39509973,0.066436611,0.009255292,183,33.5390554795443
"165","district",3614,"New York",14,0.012206836,0.010972463,0.001710299,184,35.6945870417496
"166","district",3606,"New York",6,0.008652947,0.008403578,0.001381379,185,39.2394325553084
"167","district",3608,"New York",8,0.012052319,0.013462281,0.001928035,186,28.9082358726401
"168","district",3620,"New York",20,0.361724078,0.057290442,0.007611733,187,37.214438299663
"169","district",3607,"New York",7,0.004635507,0.013062193,0.001398249,188,18.4772551621232
"170","district",3612,"New York",12,0.004326473,0.004903213,0.000835289,189,47.5544508733755
"171","district",3610,"New York",10,0.007262295,0.01813843,0.0021835,190,16.6549058452888
"172","district",3613,"New York",13,0.00401744,0.005895433,0.000996966,191,38.1121916413955
"173","district",3626,"New York",26,0.065978719,0.021002244,0.003903737,192,43.3551977993142
"174","district",3616,"New York",16,0.029049178,0.015351418,0.002200248,193,39.3571243297484
"175","district",3615,"New York",15,0.00401744,0.004600807,0.000839373,194,48.8366219893612
"176","district",3617,"New York",17,0.122531907,0.03184844,0.004441809,195,38.9620109201835
"177","district",3609,"New York",9,0.003862923,0.007282962,0.001051562,196,30.2520572605923
"178","district",3601,"New York",1,0.540809172,0.062292822,0.010713301,197,41.8493725016297
"179","district",3502,"New Mexico",2,18.0205342,0.374678214,0.05410986,199,40.1633861840714
"180","district",3501,"New Mexico",1,1.16227617,0.11418199,0.018241742,200,33.4704838873371
"181","district",3503,"New Mexico",3,11.65428314,0.307430824,0.051494498,201,39.3640980978193
"182","district",3409,"New Jersey",9,0.029358212,0.02184353,0.002303152,203,27.8065372652264
"183","district",3404,"New Jersey",4,0.194845819,0.055955871,0.005839934,204,27.96435567942
"184","district",3406,"New Jersey",6,0.116660264,0.053766068,0.006114489,205,22.5194683088465
"185","district",3402,"New Jersey",2,0.77814714,0.095141172,0.01244516,206,32.8675473917071
"186","district",3410,"New Jersey",10,0.020859782,0.021188016,0.002381112,207,24.1640386943326
"187","district",3407,"New Jersey",7,0.272876857,0.068572246,0.007385057,208,27.0047343639863
"188","district",3411,"New Jersey",11,0.147100095,0.044947643,0.004574169,209,30.2485447592104
"189","district",3408,"New Jersey",8,0.019005579,0.023732283,0.00239481,210,20.5923525955401
"190","district",3401,"New Jersey",1,0.100435989,0.040624703,0.005391635,211,27.6540926343289
"191","district",3405,"New Jersey",5,0.285856277,0.070635101,0.009927482,212,26.8323202127283
"192","district",3403,"New Jersey",3,0.310888016,0.076407609,0.007957186,213,25.8684443907055
"193","district",3412,"New Jersey",12,0.113724443,0.048384946,0.005651162,214,24.7070890498894
"194","district",3301,"New Hampshire",1,0.776911005,0.123841929,0.014728332,216,25.2303259135667
"195","district",3302,"New Hampshire",2,1.922653866,0.198862511,0.027932421,217,24.7173874860568
"196","district",3204,"Nevada",4,13.51064926,0.308133406,0.048890644,219,42.2867450511906
"197","district",3202,"Nevada",2,15.47548624,0.284650883,0.048574936,220,48.9908019193753
"198","district",3201,"Nevada",1,0.026885942,0.012494174,0.002055637,221,46.5221750261127
"199","district",3203,"Nevada",3,0.748479894,0.089009716,0.014064077,222,34.4554229977165
"200","district",3102,"Nebraska",2,0.147254612,0.033439262,0.00497385,224,40.6801645371994
"201","district",3103,"Nebraska",3,18.93604687,0.393979998,0.070237099,225,39.1539352508765
"202","district",3101,"Nebraska",1,2.497456757,0.15904089,0.020614295,226,35.2245232029478
"203","district",3000,"Montana",0,45.12419023,0.517744005,0.082468122,228,45.99329922841
"204","district",2903,"Missouri",3,1.879389132,0.162414814,0.020196505,230,29.9217953648094
"205","district",2905,"Missouri",5,0.665504316,0.110792171,0.012695245,231,26.1018504840002
"206","district",2906,"Missouri",6,5.013146509,0.276363852,0.036765152,232,28.7196334850396
"207","district",2907,"Missouri",7,1.656575753,0.107157931,0.015636825,233,42.5780985186055
"208","district",2904,"Missouri",4,3.897688963,0.233941014,0.028216022,234,29.9159055682558
"209","district",2908,"Missouri",8,5.271498777,0.233683084,0.028447035,235,34.8292972274702
"210","district",2902,"Missouri",2,0.125622245,0.037280335,0.004703154,236,33.7022115980359
"211","district",2901,"Missouri",1,0.062888381,0.026014583,0.003481717,237,34.1722260388832
"212","district",2804,"Mississippi",4,2.178379346,0.136288704,0.020677341,239,38.3894442982417
"213","district",2801,"Mississippi",1,2.713162358,0.160967863,0.023194453,240,36.2746846084416
"214","district",2803,"Mississippi",3,3.184747957,0.254967578,0.033226633,241,24.8117563259094
"215","district",2802,"Mississippi",2,3.991944275,0.318792109,0.030466025,242,22.2172143073161
"216","district",2703,"Minnesota",3,0.174913138,0.038750468,0.005031602,244,38.259491681952
"217","district",2704,"Minnesota",4,0.107080216,0.02426777,0.003793949,245,47.8001964039672
"218","district",2705,"Minnesota",5,0.042183115,0.015979109,0.002545508,246,45.5639845809538
"219","district",2702,"Minnesota",2,0.74168115,0.084273116,0.013413461,247,36.2263434724567
"220","district",2708,"Minnesota",8,10.05781447,0.287242447,0.043105459,248,39.1388557223403
"221","district",2706,"Minnesota",6,0.885227356,0.107305294,0.014202973,249,31.0821603364098
"222","district",2707,"Minnesota",7,10.77523646,0.338100733,0.049071768,250,34.4169375985189
"223","district",2701,"Minnesota",1,3.541063943,0.176491537,0.035470927,251,37.7961819791497
"224","district",2610,"Michigan",10,1.803675848,0.106693961,0.016933717,253,44.6215177693151
"225","district",2602,"Michigan",2,1.784824785,0.108780882,0.016478234,254,43.5361629873657
"226","district",2611,"Michigan",11,0.126240312,0.042717545,0.005111166,255,29.4847653604764
"227","district",2607,"Michigan",7,1.261321506,0.111078992,0.015750525,256,35.8414773307802
"228","district",2601,"Michigan",1,16.38002821,0.35479162,0.058624896,257,40.4379286119606
"229","district",2608,"Michigan",8,0.438055429,0.059959036,0.011541755,258,39.1304483279749
"230","district",2605,"Michigan",5,1.215120951,0.127519696,0.020738796,259,30.6434329903031
"231","district",2603,"Michigan",3,0.767330957,0.093170465,0.013298446,260,33.3286734989839
"232","district",2604,"Michigan",4,2.492666733,0.131966523,0.019543663,261,42.4104876942562
"233","district",2614,"Michigan",14,0.06041611,0.040907804,0.005135411,262,21.2997813392093
"234","district",2609,"Michigan",9,0.0539264,0.023020485,0.003887997,263,35.7594785487592
"235","district",2606,"Michigan",6,1.440252084,0.086940495,0.01528967,264,48.9330267243112
"236","district",2612,"Michigan",12,0.120832221,0.040428371,0.005554533,265,30.4796565292865
"237","district",2613,"Michigan",13,0.058098357,0.03014812,0.003991562,266,28.3417473477955
"238","district",2504,"Massachusetts",4,0.194382268,0.063091831,0.006607716,268,24.7719459189051
"239","district",2509,"Massachusetts",9,0.896816124,0.104852034,0.011226359,269,32.0169366216868
"240","district",2508,"Massachusetts",8,0.139528766,0.057157813,0.005258437,270,23.1665416066071
"241","district",2501,"Massachusetts",1,0.680492456,0.081452438,0.013755619,271,35.901492337992
"242","district",2502,"Massachusetts",2,0.482247265,0.07532404,0.010806806,272,32.6818184651439
"243","district",2503,"Massachusetts",3,0.225285649,0.059649607,0.008387486,273,28.2074683205701
"244","district",2505,"Massachusetts",5,0.081739443,0.04098897,0.005138035,274,24.7259942433507
"245","district",2507,"Massachusetts",7,0.02997628,0.033068533,0.003755193,275,18.5600384411836
"246","district",2506,"Massachusetts",6,0.244291229,0.051513313,0.006281476,276,34.012565211178
"247","district",2404,"Maryland",4,0.084984298,0.055396812,0.005566502,278,18.6547530903683
"248","district",2405,"Maryland",5,0.611577915,0.086288495,0.012094508,279,32.1275741566275
"249","district",2408,"Maryland",8,0.235483765,0.095690552,0.008865329,280,17.976964366649
"250","district",2401,"Maryland",1,1.479962929,0.169166721,0.023672025,281,25.4926755808399
"251","district",2403,"Maryland",3,0.106462148,0.09016897,0.006734996,282,12.8276007813131
"252","district",2402,"Maryland",2,0.141692003,0.075631396,0.00695956,283,17.6431239484056
"253","district",2406,"Maryland",6,0.538336902,0.149454599,0.01927129,284,17.4029440454057
"254","district",2407,"Maryland",7,0.136129394,0.066416074,0.005449635,285,19.6928098604719
"255","district",2301,"Maine",1,1.482280683,0.169328568,0.018434506,287,25.4882442872337
"256","district",2302,"Maine",2,9.040166122,0.322133161,0.038127246,288,33.0870237637162
"257","district",2205,"Louisiana",5,3.675493651,0.365900883,0.03546464,290,18.5737379057381
"258","district",2201,"Louisiana",1,2.327333643,0.237720986,0.023685832,291,22.7492316403413
"259","district",2206,"Louisiana",6,1.053187234,0.2273689,0.016712059,292,16.0002461680059
"260","district",2202,"Louisiana",2,0.360333426,0.143261195,0.015272371,293,14.8534944403883
"261","district",2204,"Louisiana",4,3.157243947,0.253843813,0.030673405,294,24.8137509479585
"262","district",2203,"Louisiana",3,2.211291447,0.160218428,0.022750489,295,32.9014818649135
"263","district",2106,"Kentucky",6,1.155940976,0.141387129,0.014087343,297,26.9564616681693
"264","district",2102,"Kentucky",2,1.934242634,0.241804584,0.022934714,298,20.388997757974
"265","district",2104,"Kentucky",4,1.203377667,0.186868304,0.025082245,299,20.8099128621889
"266","district",2103,"Kentucky",3,0.088692704,0.028645035,0.004698227,300,36.8552636686685
"267","district",2105,"Kentucky",5,2.990365688,0.198533119,0.024551755,301,30.876930265382
"268","district",2101,"Kentucky",1,3.297545298,0.307745932,0.034930437,302,20.9174141990541
"269","district",2001,"Kansas",1,14.14385954,0.315892836,0.047883995,304,42.2035634974854
"270","district",2004,"Kansas",4,3.782573867,0.168807941,0.027421242,305,40.8418840674065
"271","district",2002,"Kansas",2,3.864467828,0.18819501,0.029875708,306,37.0289737776922
"272","district",2003,"Kansas",3,0.216014635,0.037316449,0.00652056,307,44.1515759419136
"273","district",1903,"Iowa",3,2.449247482,0.12925255,0.02047274,309,42.9222171280422
"274","district",1902,"Iowa",2,3.470449716,0.184306127,0.029856433,310,35.8309264207768
"275","district",1904,"Iowa",4,6.494809124,0.213474149,0.034203916,311,42.3197250190455
"276","district",1901,"Iowa",1,3.452062205,0.191177669,0.026509898,312,34.4514159815423
"277","district",1803,"Indiana",3,1.178809478,0.081803133,0.014946382,314,47.0496941261784
"278","district",1802,"Indiana",2,1.10433233,0.084043191,0.012965125,315,44.3253620609259
"279","district",1805,"Indiana",5,0.528756854,0.064954248,0.009969845,316,39.684908000756
"280","district",1808,"Indiana",8,1.979052536,0.186365795,0.025104711,317,26.7588464418685
"281","district",1804,"Indiana",4,1.762883384,0.110550499,0.017042667,318,42.5751333567468
"282","district",1809,"Indiana",9,1.203995734,0.106187291,0.015285736,319,36.6306701998907
"283","district",1806,"Indiana",6,1.707102781,0.108448715,0.016277942,320,42.7081103775669
"284","district",1801,"Indiana",1,0.392163908,0.047523716,0.008369291,321,46.7119880356316
"285","district",1807,"Indiana",7,0.087147535,0.021416796,0.003316955,322,48.8627590382302
"286","district",1717,"Illinois",17,1.965455049,0.185211078,0.022023695,324,26.8330185178691
"287","district",1712,"Illinois",12,1.366393003,0.144609511,0.019364167,325,28.6547015308704
"288","district",1718,"Illinois",18,2.926704723,0.202475389,0.022454605,326,29.9517460054877
"289","district",1716,"Illinois",16,2.220871495,0.164382383,0.023026402,327,32.1374471160202
"290","district",1713,"Illinois",13,1.579935367,0.162499009,0.021601216,328,27.420405672661
"291","district",1714,"Illinois",14,0.461541999,0.085999613,0.010751077,329,28.0036117895964
"292","district",1715,"Illinois",15,4.016048913,0.252878001,0.032223343,330,28.0926933795879
"293","district",1706,"Illinois",6,0.111715723,0.047196378,0.005766341,331,25.1046060980634
"294","district",1710,"Illinois",10,0.088074637,0.035066099,0.004384875,332,30.0014958189221
"295","district",1703,"Illinois",3,0.069996159,0.030877109,0.004598937,333,30.3742389810723
"296","district",1705,"Illinois",5,0.025649806,0.023507378,0.002689624,334,24.1514262849
"297","district",1711,"Illinois",11,0.07942169,0.04208936,0.00420539,335,23.7357069858266
"298","district",1708,"Illinois",8,0.059025458,0.028359765,0.003379335,336,30.3684053067898
"299","district",1702,"Illinois",2,0.302235069,0.050639743,0.009939299,337,38.4845016067514
"300","district",1701,"Illinois",1,0.074786183,0.039751413,0.006147581,338,24.3872620699142
"301","district",1707,"Illinois",7,0.017923961,0.01931525,0.002444029,339,24.5709299339602
"302","district",1704,"Illinois",4,0.015297174,0.026222104,0.002146941,340,16.7202589754507
"303","district",1709,"Illinois",9,0.028122077,0.021683962,0.002820705,341,27.4151098873453
"304","district",1601,"Idaho",1,11.81559879,0.450363063,0.064580424,343,27.056401543669
"305","district",1602,"Idaho",2,12.4965548,0.359468695,0.039827393,344,34.8609329860658
"306","district",1502,"Hawaii",2,2.37245258,0.424518004,0.348060691,346,12.8619728563972
"307","district",1501,"Hawaii",1,0.086220434,0.029252315,0.004841587,347,35.5835925645723
"308","district",1302,"Georgia",2,2.409227604,0.163625288,0.022354989,349,33.6274103306754
"309","district",1313,"Georgia",13,0.182948017,0.06075922,0.007214635,350,24.9549437512862
"310","district",1301,"Georgia",1,2.202329466,0.184537349,0.02185058,351,28.5076750223415
"311","district",1303,"Georgia",3,0.982727524,0.107239408,0.012546373,352,32.7692939452755
"312","district",1304,"Georgia",4,0.12685838,0.036547732,0.004501903,353,34.5465021120887
"313","district",1314,"Georgia",14,0.9240111,0.098648241,0.014066902,354,34.5425329435534
"314","district",1309,"Georgia",9,1.363457182,0.120687126,0.018617458,355,34.2976795780259
"315","district",1310,"Georgia",10,1.82654435,0.151515449,0.017331601,356,31.6200917462936
"316","district",1308,"Georgia",8,2.187032292,0.210088735,0.026306976,357,24.9534020319273
"317","district",1306,"Georgia",6,0.075249733,0.031097587,0.003894283,358,31.2702045527585
"318","district",1311,"Georgia",11,0.277357847,0.053827732,0.007410408,359,34.6831935318495
"319","district",1312,"Georgia",12,2.063418767,0.196107661,0.022071032,360,25.9659406599576
"320","district",1307,"Georgia",7,0.101826641,0.035495023,0.004433,361,31.8689811235143
"321","district",1305,"Georgia",5,0.068296473,0.023113157,0.00346561,362,40.0815770356628
"322","district",1214,"Florida",14,0.124231593,0.040942923,0.006599795,364,30.5170194486576
"323","district",1212,"Florida",12,0.252017074,0.045446436,0.007381323,365,39.1579622918686
"324","district",1213,"Florida",13,0.100281472,0.028982636,0.004589185,366,38.732666785985
"325","district",1206,"Florida",6,0.768721609,0.105839693,0.015496259,367,29.3657370217605
"326","district",1217,"Florida",17,1.681143941,0.127082818,0.015610833,368,36.167671154451
"327","district",1219,"Florida",19,0.317995793,0.064796007,0.01231266,369,30.8508671471191
"328","district",1205,"Florida",5,0.373312846,0.173006405,0.019748879,370,12.5192761024429
"329","district",1210,"Florida",10,0.333447484,0.075159995,0.008887902,371,27.2352842249878
"330","district",1202,"Florida",2,2.446775212,0.154354794,0.023290407,372,35.923764902881
"331","district",1204,"Florida",4,0.515313883,0.106718081,0.010288764,373,23.8453030512119
"332","district",1215,"Florida",15,0.208906857,0.051020319,0.006839332,374,31.7569006173621
"333","district",1209,"Florida",9,0.454279705,0.06909953,0.009635922,375,34.5773340895002
"334","district",1211,"Florida",11,0.695635112,0.085426169,0.011138683,376,34.6102509977576
"335","district",1201,"Florida",1,1.16227617,0.100299062,0.017127889,377,38.1033120381433
"336","district",1226,"Florida",26,1.137707981,0.157984713,0.032192482,378,23.9334479188404
"337","district",1203,"Florida",3,1.895304373,0.136495677,0.01755222,379,35.7540725805867
"338","district",1227,"Florida",27,0.13334809,0.034863421,0.005209938,380,37.1302891609889
"339","district",1224,"Florida",24,0.028122077,0.020027573,0.00285362,381,29.6824882886718
"340","district",1223,"Florida",23,0.067523888,0.031416443,0.005166898,382,29.3208556718296
"341","district",1225,"Florida",25,0.789735908,0.094601491,0.014972521,383,33.3002806171895
"342","district",1208,"Florida",8,0.572330621,0.072658231,0.012379949,384,36.9099624358484
"343","district",1218,"Florida",18,0.443618038,0.058018981,0.008671883,385,40.6948482596724
"344","district",1220,"Florida",20,0.630274461,0.101314786,0.011089131,386,27.7777429946792
"345","district",1221,"Florida",21,0.06242483,0.028098909,0.004577255,387,31.5205769621733
"346","district",1222,"Florida",22,0.085293332,0.046328033,0.006735333,388,22.3469682006611
"347","district",1216,"Florida",16,0.279366567,0.047402734,0.007538014,389,39.5265361040073
"348","district",1207,"Florida",7,0.1398378,0.045812794,0.004679607,390,28.9354635603577
"349","district",1000,"Delaware",0,0.670139823,0.073439643,0.014858582,392,39.5145543506789
"350","district",903,"Connecticut",3,0.137520047,0.043190207,0.005376808,394,30.4370566450394
"351","district",904,"Connecticut",4,0.151272051,0.043720336,0.006490015,395,31.5355775158768
"352","district",905,"Connecticut",5,0.358170189,0.068757878,0.007242563,396,30.855116107082
"353","district",902,"Connecticut",2,0.587782312,0.063695734,0.009870665,397,42.6680545673584
"354","district",901,"Connecticut",1,0.195927437,0.056998082,0.005822456,398,27.5291193658053
"355","district",804,"Colorado",4,10.33934427,0.288461544,0.043641129,400,39.5151383117386
"356","district",801,"Colorado",1,0.052072197,0.035266775,0.005204847,401,22.9372915981385
"357","district",807,"Colorado",7,0.097345651,0.040397363,0.005877536,402,27.3785341424448
"358","district",805,"Colorado",5,1.973798962,0.127548999,0.018410981,403,39.0462504412682
"359","district",803,"Colorado",3,13.34639779,0.34654299,0.047280283,404,37.3705806878648
"360","district",806,"Colorado",6,0.133966158,0.050869667,0.005968476,405,25.506072426006
"361","district",802,"Colorado",2,2.113482245,0.165886929,0.018581951,406,31.0664813201892
"362","district",616,"California",16,0.753887986,0.103144662,0.014220406,408,29.840877248793
"363","district",621,"California",21,1.755003022,0.174297892,0.023146891,409,26.9433586184182
"364","district",622,"California",22,0.303007653,0.072032703,0.009821818,410,27.0895642326481
"365","district",608,"California",8,8.48436881,0.337960098,0.065573546,411,30.552677369259
"366","district",618,"California",18,0.210142993,0.047852434,0.00568622,412,33.9592707730714
"367","district",620,"California",20,1.43994305,0.107262452,0.018461421,413,39.6579142497681
"368","district",604,"California",4,3.499344378,0.202422401,0.030770095,414,32.759683884036
"369","district",607,"California",7,0.146018476,0.031416144,0.004445266,415,43.1177369614511
"370","district",615,"California",15,0.160234032,0.039406257,0.005899489,416,36.0095029854175
"371","district",610,"California",10,0.482556299,0.078424308,0.009511469,417,31.3998975626717
"372","district",609,"California",9,0.35214403,0.053863134,0.007589398,418,39.0547154600022
"373","district",601,"California",1,8.004439299,0.290591901,0.03454032,419,34.5133315701014
"374","district",603,"California",3,1.708802467,0.180311354,0.018257426,420,25.6996843097929
"375","district",639,"California",39,0.051608647,0.023155644,0.003210523,421,34.7783765047041
"376","district",649,"California",49,0.190519346,0.050871973,0.007781361,422,30.4155652251434
"377","district",646,"California",46,0.017923961,0.011516333,0.001871349,423,41.2104837891476
"378","district",645,"California",45,0.085293332,0.028609486,0.00401519,424,36.1869863810268
"379","district",638,"California",38,0.026422391,0.016603045,0.002195007,425,34.7058946793294
"380","district",647,"California",47,0.17383152,0.064079843,0.011623308,426,23.0646971679147
"381","district",648,"California",48,0.063660965,0.028682427,0.004010656,427,31.1835564053195
"382","district",619,"California",19,0.238883137,0.05927132,0.006447546,428,29.2316331329709
"383","district",617,"California",17,0.055008019,0.023151338,0.003100829,429,35.9121857718243
"384","district",613,"California",13,0.041410531,0.015636573,0.002615882,430,46.1337496992654
"385","district",614,"California",14,0.151890119,0.04448467,0.010587124,431,31.0569869805301
"386","district",612,"California",12,0.030285314,0.017947939,0.002484066,432,34.3721254029739
"387","district",623,"California",23,2.585994945,0.20907513,0.020818554,433,27.2656837010937
"388","district",605,"California",5,0.496617337,0.089969606,0.012446263,434,27.7664304349858
"389","district",606,"California",6,0.051608647,0.026900905,0.003285729,435,29.9363796586357
"390","district",651,"California",51,1.276309646,0.137696681,0.026099827,436,29.0843582513177
"391","district",602,"California",2,3.989935556,0.284183178,0.04212344,437,24.9166416344029
"392","district",624,"California",24,2.111473525,0.205548838,0.030754554,438,25.0600957597923
"393","district",650,"California",50,0.699498035,0.089476301,0.01121405,439,33.1352429795423
"394","district",652,"California",52,0.096264033,0.045591887,0.005637188,440,24.1240039402671
"395","district",653,"California",53,0.036929541,0.024598428,0.002735067,441,27.6939263678328
"396","district",630,"California",30,0.035847922,0.021658141,0.003257937,442,30.989584132751
"397","district",625,"California",25,0.430947652,0.078932713,0.010033635,443,29.4822185455046
"398","district",626,"California",26,0.315987073,0.076807322,0.018607187,444,25.9440018700691
"399","district",633,"California",33,0.121450288,0.046132627,0.006747878,445,26.7791026816095
"400","district",629,"California",29,0.022404951,0.016613607,0.002257848,446,31.9383884253199
"401","district",634,"California",34,0.009889082,0.011336122,0.001458075,447,31.0969940016811
"402","district",632,"California",32,0.031985,0.023280412,0.002844201,448,27.2324959464743
"403","district",643,"California",43,0.013442971,0.011679782,0.002232839,449,35.1898832540782
"404","district",635,"California",35,0.041719565,0.025929201,0.003977374,450,27.9245178618931
"405","district",644,"California",44,0.028122077,0.018563079,0.003115338,451,32.0242240537262
"406","district",628,"California",28,0.052999299,0.028804051,0.003590573,452,28.3325995578332
"407","district",627,"California",27,0.186501906,0.042986441,0.005580717,453,35.6135346365187
"408","district",637,"California",37,0.012361353,0.009099984,0.001637808,454,43.3109098876353
"409","district",640,"California",40,0.019005579,0.015259151,0.00186583,455,32.0269154839049
"410","district",642,"California",42,0.245063813,0.078110636,0.007937914,456,22.466444712839
"411","district",641,"California",41,0.081584927,0.033884638,0.004296036,457,29.8818200688912
"412","district",636,"California",36,1.511175344,0.114042064,0.02074439,458,38.2117821175655
"413","district",631,"California",31,0.057171255,0.034989267,0.004867596,459,24.2247302908916
"414","district",611,"California",11,0.141382969,0.040376852,0.006242804,460,33.0119383045018
"415","district",501,"Arkansas",1,5.076807475,0.371261248,0.040237731,462,21.5139749635461
"416","district",503,"Arkansas",3,1.446278243,0.183853625,0.020543037,463,23.1877527745954
"417","district",504,"Arkansas",4,5.759772201,0.251522586,0.037663373,464,33.824438525812
"418","district",502,"Arkansas",2,1.303041071,0.128655857,0.016232244,465,31.452445772835
"419","district",404,"Arizona",4,8.483596226,0.485286092,0.043286901,467,21.2763478596617
"420","district",403,"Arizona",3,3.905723842,0.238144367,0.035479956,468,29.4181518341435
"421","district",402,"Arizona",2,1.977816401,0.116670898,0.018848069,469,42.7302445558168
"422","district",401,"Arizona",1,14.1809436,0.462201933,0.050885387,470,28.8818986364317
"423","district",405,"Arizona",5,0.07942169,0.019679436,0.003314331,471,50.7647026155106
"424","district",407,"Arizona",7,0.054698985,0.021007467,0.003049006,472,39.4657968305641
"425","district",409,"Arizona",9,0.035847922,0.029511296,0.003852478,473,22.7430466855296
"426","district",406,"Arizona",6,0.159770481,0.0403383,0.004824729,474,35.1265592784875
"427","district",408,"Arizona",8,0.132266472,0.047316256,0.006037062,475,27.2470471932874
"428","district",200,"Alaska",0,314.0794077,3.130852166,0.373894477,477,20.0660598033323
"429","district",106,"Alabama",6,1.058904359,0.158208156,0.016111953,479,23.0570866364921
"430","district",101,"Alabama",1,1.69319626,0.186484207,0.019336889,480,24.7352625304575
"431","district",102,"Alabama",2,2.535313399,0.200209498,0.02152142,481,28.1926617726538
"432","district",107,"Alabama",7,2.540103423,0.245787764,0.025535621,482,22.9863689488467
"433","district",105,"Alabama",5,0.980873321,0.110460877,0.021986277,483,31.783586805946
"434","district",103,"Alabama",3,1.941195894,0.176715406,0.021643779,484,27.9489309803914
"435","district",104,"Alabama",4,2.316671977,0.202713627,0.026404493,485,26.6167031159268
