geography,geography_id,state_name,district_name,area,perimeter,max_distance_from_center,id
state,56.0,Wyoming,,27.96045768,0.317967527,0.057227792,1
district,5600.0,Wyoming,0.0,28.1535984,0.320225409,0.057455071,2
state,55.0,Wisconsin,,16.45264398,0.307086359,0.046647314,3
district,5501.0,Wisconsin,1.0,0.761922865,0.077168852,0.013549042,4
district,5508.0,Wisconsin,8.0,2.923923419,0.159522914,0.022024113,5
district,5502.0,Wisconsin,2.0,1.32606409,0.09115385,0.013702598,6
district,5505.0,Wisconsin,5.0,0.557960549,0.066469888,0.008657997,7
district,5507.0,Wisconsin,7.0,7.798159229,0.289830109,0.032437165,8
district,5506.0,Wisconsin,6.0,2.256255866,0.149672755,0.020031407,9
district,5503.0,Wisconsin,3.0,3.318096047,0.246175302,0.02794596,10
district,5504.0,Wisconsin,4.0,0.312896735,0.041380543,0.007359414,11
state,54.0,West Virginia,,6.495184252,0.256384317,0.041209448,12
district,5403.0,West Virginia,3.0,2.605618592,0.227219885,0.02468132,13
district,5402.0,West Virginia,2.0,2.172353186,0.28986184,0.034796875,14
district,5401.0,West Virginia,1.0,1.706484714,0.214108172,0.022285953,15
state,53.0,Washington,,20.81858628,0.479012646,0.053213662,16
district,5308.0,Washington,8.0,2.316053909,0.187268257,0.020240793,17
district,5304.0,Washington,4.0,6.005763116,0.276472204,0.032573438,18
district,5301.0,Washington,1.0,2.088605023,0.156223566,0.021801197,19
district,5307.0,Washington,7.0,0.076794902,0.031343758,0.004835794,20
district,5302.0,Washington,2.0,0.648971007,0.079793661,0.011142536,21
district,5305.0,Washington,5.0,4.892159772,0.181232694,0.030132117,22
district,5303.0,Washington,3.0,2.881431269,0.180540133,0.029770379,23
district,5306.0,Washington,6.0,2.760444532,0.138495135,0.019976001,24
district,5309.0,Washington,9.0,0.072468429,0.029672551,0.004327151,25
district,5310.0,Washington,10.0,0.283384006,0.058016974,0.007403391,26
state,51.0,Virginia,,10.52166333,0.476750068,0.069043233,27
district,5111.0,Virginia,11.0,0.051917681,0.038585983,0.004340321,28
district,5109.0,Virginia,9.0,2.405364681,0.221361548,0.033246555,29
district,5101.0,Virginia,1.0,1.197042473,0.144619759,0.019375342,30
district,5103.0,Virginia,3.0,0.306407025,0.10587466,0.012105304,31
district,5108.0,Virginia,8.0,0.042337632,0.022086932,0.003169925,32
district,5107.0,Virginia,7.0,0.756051223,0.137237414,0.016495163,33
district,5104.0,Virginia,4.0,1.145433827,0.138380434,0.018230751,34
district,5105.0,Virginia,5.0,2.681022842,0.247785143,0.031640194,35
district,5106.0,Virginia,6.0,1.594150923,0.188745488,0.022046683,36
district,5110.0,Virginia,10.0,0.372849295,0.099511442,0.010283385,37
district,5102.0,Virginia,2.0,0.739054363,0.112535842,0.015252752,38
state,50.0,Vermont,,2.796930856,0.121369576,0.024436392,39
district,5000.0,Vermont,0.0,2.800773444,0.150051802,0.024449673,40
state,49.0,Utah,,22.98014444,0.309431114,0.056121492,41
district,4901.0,Utah,1.0,5.780322949,0.243577461,0.040192461,42
district,4902.0,Utah,2.0,11.13031631,0.309932979,0.043982851,43
district,4903.0,Utah,3.0,5.441776408,0.290491674,0.041557552,44
district,4904.0,Utah,4.0,0.768876126,0.102673952,0.014799094,45
state,48.0,Texas,,65.14981208,0.917323504,0.108267713,46
district,4804.0,Texas,4.0,2.636367456,0.20964834,0.025139035,47
district,4808.0,Texas,8.0,1.522300561,0.142632173,0.014539154,48
district,4827.0,Texas,27.0,2.607318278,0.239058761,0.026898141,49
district,4834.0,Texas,34.0,2.242967412,0.262077974,0.03540161,50
district,4825.0,Texas,25.0,1.905038938,0.219066689,0.028085806,51
district,4821.0,Texas,21.0,1.447977929,0.158525975,0.019470065,52
district,4828.0,Texas,28.0,2.258419103,0.254985645,0.031837666,53
district,4836.0,Texas,36.0,1.845395412,0.166478974,0.018841959,54
district,4806.0,Texas,6.0,0.555333761,0.088967125,0.012875727,55
district,4810.0,Texas,10.0,1.244015613,0.166334162,0.02205506,56
district,4811.0,Texas,11.0,6.953106269,0.340731548,0.046307428,57
district,4819.0,Texas,19.0,6.498363013,0.271931936,0.041307125,58
district,4817.0,Texas,17.0,1.899012779,0.186982564,0.021194044,59
district,4823.0,Texas,23.0,14.13505208,0.485266859,0.06620724,60
district,4813.0,Texas,13.0,9.878729373,0.351355218,0.058658825,61
district,4801.0,Texas,1.0,2.060328429,0.169685122,0.020196173,62
district,4815.0,Texas,15.0,1.867182296,0.239372971,0.036931273,63
district,4805.0,Texas,5.0,1.292224888,0.163024957,0.018960523,64
district,4824.0,Texas,24.0,0.069841642,0.027692886,0.0040033,65
district,4833.0,Texas,33.0,0.056398671,0.049813614,0.004671909,66
district,4812.0,Texas,12.0,0.359251807,0.066925225,0.007594726,67
district,4826.0,Texas,26.0,0.252326108,0.039228316,0.006298596,68
district,4820.0,Texas,20.0,0.05145413,0.032238126,0.003195715,69
district,4835.0,Texas,35.0,0.143237172,0.098344953,0.01404447,70
district,4814.0,Texas,14.0,0.821257357,0.137912075,0.018194946,71
district,4831.0,Texas,31.0,0.539264003,0.073526697,0.008780525,72
district,4816.0,Texas,16.0,0.181866399,0.0313521,0.005754798,73
district,4822.0,Texas,22.0,0.257425166,0.081919638,0.008752869,74
district,4809.0,Texas,9.0,0.038320193,0.030054673,0.003468611,75
district,4829.0,Texas,29.0,0.046664106,0.037800461,0.003815322,76
district,4807.0,Texas,7.0,0.041410531,0.02893872,0.003575997,77
district,4818.0,Texas,18.0,0.056862222,0.04168032,0.003868817,78
district,4802.0,Texas,2.0,0.080657825,0.055206291,0.005692039,79
district,4832.0,Texas,32.0,0.04944541,0.033251906,0.003506336,80
district,4803.0,Texas,3.0,0.127785482,0.031082091,0.004607969,81
district,4830.0,Texas,30.0,0.092092076,0.037972387,0.004328488,82
state,47.0,Tennessee,,10.88328397,0.302718181,0.067433139,83
district,4704.0,Tennessee,4.0,1.567419498,0.186760071,0.019656556,84
district,4702.0,Tennessee,2.0,0.632437698,0.13203142,0.012936739,85
district,4708.0,Tennessee,8.0,1.809856524,0.155848217,0.018359356,86
district,4706.0,Tennessee,6.0,1.714519593,0.147986584,0.020454438,87
district,4701.0,Tennessee,1.0,1.092898079,0.130380686,0.017656359,88
district,4705.0,Tennessee,5.0,0.331438764,0.06385039,0.007943601,89
district,4707.0,Tennessee,7.0,2.392848812,0.185945486,0.022673011,90
district,4703.0,Tennessee,3.0,1.216975154,0.180797648,0.019442177,91
district,4709.0,Tennessee,9.0,0.129330651,0.045945631,0.005432818,92
state,46.0,South Dakota,,22.56166354,0.311654245,0.05876903,93
district,4600.0,South Dakota,0.0,22.58619975,0.347555737,0.058604895,94
state,45.0,South Carolina,,7.7628409,0.255035146,0.037947009,95
district,4504.0,South Carolina,4.0,0.336074271,0.06217641,0.008680391,96
district,4503.0,South Carolina,3.0,1.388952471,0.126988842,0.016210268,97
district,4507.0,South Carolina,7.0,1.445660176,0.136146447,0.01974097,98
district,4505.0,South Carolina,5.0,1.429126867,0.152330795,0.018462461,99
district,4501.0,South Carolina,1.0,0.59736236,0.151279367,0.015951641,100
district,4506.0,South Carolina,6.0,2.101275409,0.286667853,0.021424697,101
district,4502.0,South Carolina,2.0,0.785409435,0.126665524,0.013748562,102
state,44.0,Rhode Island,,0.290548617,0.054591586,0.00762984,103
district,4401.0,Rhode Island,1.0,0.14586396,0.043645327,0.007474307,104
district,4402.0,Rhode Island,2.0,0.293582122,0.056850541,0.008330743,105
state,42.0,Pennsylvania,,12.52727526,0.236169915,0.04273139,106
district,4206.0,Pennsylvania,6.0,0.239037654,0.093898102,0.009041649,107
district,4216.0,Pennsylvania,16.0,0.288328547,0.080957778,0.008048206,108
district,4215.0,Pennsylvania,15.0,0.357706638,0.091479678,0.012811119,109
district,4209.0,Pennsylvania,9.0,1.580862469,0.193084589,0.01994241,110
district,4201.0,Pennsylvania,1.0,0.022868502,0.026871338,0.004035993,111
district,4207.0,Pennsylvania,7.0,0.239346688,0.126705791,0.008224396,112
district,4217.0,Pennsylvania,17.0,0.481783714,0.145877659,0.012835869,113
district,4218.0,Pennsylvania,18.0,0.573721273,0.104161998,0.012700888,114
district,4214.0,Pennsylvania,14.0,0.062115796,0.038097597,0.004327375,115
district,4212.0,Pennsylvania,12.0,0.601379799,0.140516268,0.016076927,116
district,4210.0,Pennsylvania,10.0,2.368744174,0.235095713,0.02519523,117
district,4211.0,Pennsylvania,11.0,0.952133177,0.159983987,0.021265803,118
district,4203.0,Pennsylvania,3.0,1.309839815,0.135259612,0.019513194,119
district,4205.0,Pennsylvania,5.0,2.998864118,0.191307151,0.024428799,120
district,4204.0,Pennsylvania,4.0,0.421522121,0.060914674,0.009569975,121
district,4208.0,Pennsylvania,8.0,0.198708742,0.048022383,0.006750296,122
district,4202.0,Pennsylvania,2.0,0.020087198,0.012113977,0.001903179,123
district,4213.0,Pennsylvania,13.0,0.042492149,0.037029508,0.003648862,124
state,41.0,Oregon,,28.16748675,0.345977828,0.058829003,125
district,4101.0,Oregon,1.0,0.978246534,0.105101022,0.013585014,126
district,4103.0,Oregon,3.0,0.334220068,0.065987222,0.008605524,127
district,4105.0,Oregon,5.0,1.66970969,0.184076016,0.019146551,128
district,4102.0,Oregon,2.0,20.38757869,0.368903621,0.056965424,129
district,4104.0,Oregon,4.0,5.233951169,0.20782463,0.029267843,130
state,40.0,Oklahoma,,17.98930693,0.369143214,0.081102012,131
district,4005.0,Oklahoma,5.0,0.538491419,0.082865093,0.012307623,132
district,4004.0,Oklahoma,4.0,2.530523375,0.189097705,0.021845364,133
district,4001.0,Oklahoma,1.0,0.436973811,0.082206887,0.014206449,134
district,4002.0,Oklahoma,2.0,5.57651515,0.266725303,0.034267392,135
district,4003.0,Oklahoma,3.0,8.907127066,0.321095202,0.060424025,136
state,39.0,Ohio,,11.33651747,0.240942189,0.041901819,137
district,3901.0,Ohio,1.0,0.191137413,0.058297502,0.007631293,138
district,3903.0,Ohio,3.0,0.064124516,0.043756541,0.003151189,139
district,3912.0,Ohio,12.0,0.635064485,0.106059701,0.014777064,140
district,3914.0,Ohio,14.0,0.94796122,0.0838331,0.012627781,141
district,3911.0,Ohio,11.0,0.202880698,0.060121189,0.011248532,142
district,3905.0,Ohio,5.0,1.553512976,0.119859048,0.015666132,143
district,3904.0,Ohio,4.0,1.313239187,0.158958134,0.022831438,144
district,3907.0,Ohio,7.0,1.062921799,0.147265285,0.013575028,145
district,3916.0,Ohio,16.0,0.345345286,0.086845162,0.00929523,146
district,3913.0,Ohio,13.0,0.253407726,0.082573435,0.00927511,147
district,3908.0,Ohio,8.0,0.664577214,0.087987441,0.012248669,148
district,3902.0,Ohio,2.0,0.876728927,0.108531651,0.014449437,149
district,3906.0,Ohio,6.0,1.988941618,0.21632649,0.027658932,150
district,3909.0,Ohio,9.0,0.601379799,0.085941684,0.014749604,151
district,3915.0,Ohio,15.0,1.291297786,0.156639244,0.017837101,152
district,3910.0,Ohio,10.0,0.308879296,0.049097004,0.009885303,153
state,38.0,North Dakota,,21.83752683,0.277769325,0.053678544,154
district,3800.0,North Dakota,0.0,21.85317155,0.307077849,0.053605315,155
state,37.0,North Carolina,,12.67127248,0.488451791,0.070770642,156
district,3701.0,North Carolina,1.0,1.4614209,0.333005213,0.020500198,157
district,3703.0,North Carolina,3.0,3.086011653,0.311699478,0.029599824,158
district,3706.0,North Carolina,6.0,0.972992959,0.152401393,0.01859267,159
district,3705.0,North Carolina,5.0,0.936217936,0.135004635,0.01375474,160
district,3709.0,North Carolina,9.0,0.229921157,0.101327012,0.010502459,161
district,3708.0,North Carolina,8.0,1.172628802,0.13199683,0.018732065,162
district,3712.0,North Carolina,12.0,0.139528766,0.120060679,0.013965594,163
district,3710.0,North Carolina,10.0,0.672457576,0.101022913,0.014632623,164
district,3711.0,North Carolina,11.0,1.777871524,0.169150879,0.024175645,165
district,3702.0,North Carolina,2.0,0.850152019,0.172620365,0.013605368,166
district,3704.0,North Carolina,4.0,0.273340407,0.138738607,0.012434114,167
district,3713.0,North Carolina,13.0,0.604006587,0.181573012,0.012037338,168
district,3707.0,North Carolina,7.0,1.678517154,0.218205621,0.019436635,169
state,36.0,New York,,13.90250718,0.406515588,0.057829113,170
district,3624.0,New York,24.0,1.047470108,0.083651042,0.012178802,171
district,3627.0,New York,27.0,1.483671335,0.114746852,0.013968329,172
district,3625.0,New York,25.0,0.361415044,0.044831842,0.006727042,173
district,3611.0,New York,11.0,0.032757584,0.015618735,0.002384386,174
district,3605.0,New York,5.0,0.033530169,0.019592879,0.00308086,175
district,3602.0,New York,2.0,0.089774323,0.025809708,0.003943201,176
district,3603.0,New York,3.0,0.101517607,0.025866859,0.004324323,177
district,3604.0,New York,4.0,0.048363792,0.018004793,0.002619292,178
district,3622.0,New York,22.0,1.486143605,0.141588935,0.0185529,179
district,3623.0,New York,23.0,2.272480142,0.146042093,0.025645086,180
district,3621.0,New York,21.0,4.767619145,0.180177212,0.027215156,181
district,3619.0,New York,19.0,2.293803475,0.165560188,0.019533941,182
district,3618.0,New York,18.0,0.39509973,0.066436611,0.009255292,183
district,3614.0,New York,14.0,0.012206836,0.010972463,0.001710299,184
district,3606.0,New York,6.0,0.008652947,0.008403578,0.001381379,185
district,3608.0,New York,8.0,0.012052319,0.013462281,0.001928035,186
district,3620.0,New York,20.0,0.361724078,0.057290442,0.007611733,187
district,3607.0,New York,7.0,0.004635507,0.013062193,0.001398249,188
district,3612.0,New York,12.0,0.004326473,0.004903213,0.000835289,189
district,3610.0,New York,10.0,0.007262295,0.01813843,0.0021835,190
district,3613.0,New York,13.0,0.00401744,0.005895433,0.000996966,191
district,3626.0,New York,26.0,0.065978719,0.021002244,0.003903737,192
district,3616.0,New York,16.0,0.029049178,0.015351418,0.002200248,193
district,3615.0,New York,15.0,0.00401744,0.004600807,0.000839373,194
district,3617.0,New York,17.0,0.122531907,0.03184844,0.004441809,195
district,3609.0,New York,9.0,0.003862923,0.007282962,0.001051562,196
district,3601.0,New York,1.0,0.540809172,0.062292822,0.010713301,197
state,35.0,New Mexico,,30.89348616,0.373410098,0.069034828,198
district,3502.0,New Mexico,2.0,18.0205342,0.374678214,0.05410986,199
district,3501.0,New Mexico,1.0,1.16227617,0.11418199,0.018241742,200
district,3503.0,New Mexico,3.0,11.65428314,0.307430824,0.051494498,201
state,34.0,New Jersey,,2.072666476,0.128300651,0.022303176,202
district,3409.0,New Jersey,9.0,0.029358212,0.02184353,0.002303152,203
district,3404.0,New Jersey,4.0,0.194845819,0.055955871,0.005839934,204
district,3406.0,New Jersey,6.0,0.116660264,0.053766068,0.006114489,205
district,3402.0,New Jersey,2.0,0.77814714,0.095141172,0.01244516,206
district,3410.0,New Jersey,10.0,0.020859782,0.021188016,0.002381112,207
district,3407.0,New Jersey,7.0,0.272876857,0.068572246,0.007385057,208
district,3411.0,New Jersey,11.0,0.147100095,0.044947643,0.004574169,209
district,3408.0,New Jersey,8.0,0.019005579,0.023732283,0.00239481,210
district,3401.0,New Jersey,1.0,0.100435989,0.040624703,0.005391635,211
district,3405.0,New Jersey,5.0,0.285856277,0.070635101,0.009927482,212
district,3403.0,New Jersey,3.0,0.310888016,0.076407609,0.007957186,213
district,3412.0,New Jersey,12.0,0.113724443,0.048384946,0.005651162,214
state,33.0,New Hampshire,,2.682845168,0.123799584,0.028962868,215
district,3301.0,New Hampshire,1.0,0.776911005,0.123841929,0.014728332,216
district,3302.0,New Hampshire,2.0,1.922653866,0.198862511,0.027932421,217
state,32.0,Nevada,,29.94345135,0.365931992,0.081038725,218
district,3204.0,Nevada,4.0,13.51064926,0.308133406,0.048890644,219
district,3202.0,Nevada,2.0,15.47548624,0.284650883,0.048574936,220
district,3201.0,Nevada,1.0,0.026885942,0.012494174,0.002055637,221
district,3203.0,Nevada,3.0,0.748479894,0.089009716,0.014064077,222
state,31.0,Nebraska,,21.62235643,0.321477607,0.065205057,223
district,3102.0,Nebraska,2.0,0.147254612,0.033439262,0.00497385,224
district,3103.0,Nebraska,3.0,18.93604687,0.393979998,0.070237099,225
district,3101.0,Nebraska,1.0,2.497456757,0.15904089,0.020614295,226
state,30.0,Montana,,45.08681227,0.449857204,0.082244083,227
district,3000.0,Montana,0.0,45.12419023,0.517744005,0.082468122,228
state,29.0,Missouri,,18.62474971,0.336051538,0.058826976,229
district,2903.0,Missouri,3.0,1.879389132,0.162414814,0.020196505,230
district,2905.0,Missouri,5.0,0.665504316,0.110792171,0.012695245,231
district,2906.0,Missouri,6.0,5.013146509,0.276363852,0.036765152,232
district,2907.0,Missouri,7.0,1.656575753,0.107157931,0.015636825,233
district,2904.0,Missouri,4.0,3.897688963,0.233941014,0.028216022,234
district,2908.0,Missouri,8.0,5.271498777,0.233683084,0.028447035,235
district,2902.0,Missouri,2.0,0.125622245,0.037280335,0.004703154,236
district,2901.0,Missouri,1.0,0.062888381,0.026014583,0.003481717,237
state,28.0,Mississippi,,11.88436952,0.296874154,0.046029534,238
district,2804.0,Mississippi,4.0,2.178379346,0.136288704,0.020677341,239
district,2801.0,Mississippi,1.0,2.713162358,0.160967863,0.023194453,240
district,2803.0,Mississippi,3.0,3.184747957,0.254967578,0.033226633,241
district,2802.0,Mississippi,2.0,3.991944275,0.318792109,0.030466025,242
state,27.0,Minnesota,,25.53531717,0.402645627,0.063469949,243
district,2703.0,Minnesota,3.0,0.174913138,0.038750468,0.005031602,244
district,2704.0,Minnesota,4.0,0.107080216,0.02426777,0.003793949,245
district,2705.0,Minnesota,5.0,0.042183115,0.015979109,0.002545508,246
district,2702.0,Minnesota,2.0,0.74168115,0.084273116,0.013413461,247
district,2708.0,Minnesota,8.0,10.05781447,0.287242447,0.043105459,248
district,2706.0,Minnesota,6.0,0.885227356,0.107305294,0.014202973,249
district,2707.0,Minnesota,7.0,10.77523646,0.338100733,0.049071768,250
district,2701.0,Minnesota,1.0,3.541063943,0.176491537,0.035470927,251
state,26.0,Michigan,,16.94768521,0.601918185,0.077256451,252
district,2610.0,Michigan,10.0,1.803675848,0.106693961,0.016933717,253
district,2602.0,Michigan,2.0,1.784824785,0.108780882,0.016478234,254
district,2611.0,Michigan,11.0,0.126240312,0.042717545,0.005111166,255
district,2607.0,Michigan,7.0,1.261321506,0.111078992,0.015750525,256
district,2601.0,Michigan,1.0,16.38002821,0.35479162,0.058624896,257
district,2608.0,Michigan,8.0,0.438055429,0.059959036,0.011541755,258
district,2605.0,Michigan,5.0,1.215120951,0.127519696,0.020738796,259
district,2603.0,Michigan,3.0,0.767330957,0.093170465,0.013298446,260
district,2604.0,Michigan,4.0,2.492666733,0.131966523,0.019543663,261
district,2614.0,Michigan,14.0,0.06041611,0.040907804,0.005135411,262
district,2609.0,Michigan,9.0,0.0539264,0.023020485,0.003887997,263
district,2606.0,Michigan,6.0,1.440252084,0.086940495,0.01528967,264
district,2612.0,Michigan,12.0,0.120832221,0.040428371,0.005554533,265
district,2613.0,Michigan,13.0,0.058098357,0.03014812,0.003991562,266
state,25.0,Massachusetts,,2.268092659,0.168873494,0.029969712,267
district,2504.0,Massachusetts,4.0,0.194382268,0.063091831,0.006607716,268
district,2509.0,Massachusetts,9.0,0.896816124,0.104852034,0.011226359,269
district,2508.0,Massachusetts,8.0,0.139528766,0.057157813,0.005258437,270
district,2501.0,Massachusetts,1.0,0.680492456,0.081452438,0.013755619,271
district,2502.0,Massachusetts,2.0,0.482247265,0.07532404,0.010806806,272
district,2503.0,Massachusetts,3.0,0.225285649,0.059649607,0.008387486,273
district,2505.0,Massachusetts,5.0,0.081739443,0.04098897,0.005138035,274
district,2507.0,Massachusetts,7.0,0.02997628,0.033068533,0.003755193,275
district,2506.0,Massachusetts,6.0,0.244291229,0.051513313,0.006281476,276
state,24.0,Maryland,,2.677945036,0.33802757,0.037912912,277
district,2404.0,Maryland,4.0,0.084984298,0.055396812,0.005566502,278
district,2405.0,Maryland,5.0,0.611577915,0.086288495,0.012094508,279
district,2408.0,Maryland,8.0,0.235483765,0.095690552,0.008865329,280
district,2401.0,Maryland,1.0,1.479962929,0.169166721,0.023672025,281
district,2403.0,Maryland,3.0,0.106462148,0.09016897,0.006734996,282
district,2402.0,Maryland,2.0,0.141692003,0.075631396,0.00695956,283
district,2406.0,Maryland,6.0,0.538336902,0.149454599,0.01927129,284
district,2407.0,Maryland,7.0,0.136129394,0.066416074,0.005449635,285
state,23.0,Maine,,9.600893696,0.310229664,0.044315084,286
district,2301.0,Maine,1.0,1.482280683,0.169328568,0.018434506,287
district,2302.0,Maine,2.0,9.040166122,0.322133161,0.038127246,288
state,22.0,Louisiana,,11.39072304,0.422314574,0.055913834,289
district,2205.0,Louisiana,5.0,3.675493651,0.365900883,0.03546464,290
district,2201.0,Louisiana,1.0,2.327333643,0.237720986,0.023685832,291
district,2206.0,Louisiana,6.0,1.053187234,0.2273689,0.016712059,292
district,2202.0,Louisiana,2.0,0.360333426,0.143261195,0.015272371,293
district,2204.0,Louisiana,4.0,3.157243947,0.253843813,0.030673405,294
district,2203.0,Louisiana,3.0,2.211291447,0.160218428,0.022750489,295
state,21.0,Kentucky,,10.64177411,0.293376678,0.060287736,296
district,2106.0,Kentucky,6.0,1.155940976,0.141387129,0.014087343,297
district,2102.0,Kentucky,2.0,1.934242634,0.241804584,0.022934714,298
district,2104.0,Kentucky,4.0,1.203377667,0.186868304,0.025082245,299
district,2103.0,Kentucky,3.0,0.088692704,0.028645035,0.004698227,300
district,2105.0,Kentucky,5.0,2.990365688,0.198533119,0.024551755,301
district,2101.0,Kentucky,1.0,3.297545298,0.307745932,0.034930437,302
state,20.0,Kansas,,22.00865104,0.308395096,0.058025323,303
district,2001.0,Kansas,1.0,14.14385954,0.315892836,0.047883995,304
district,2004.0,Kansas,4.0,3.782573867,0.168807941,0.027421242,305
district,2002.0,Kansas,2.0,3.864467828,0.18819501,0.029875708,306
district,2003.0,Kansas,3.0,0.216014635,0.037316449,0.00652056,307
state,19.0,Iowa,,15.85582943,0.259354396,0.046829538,308
district,1903.0,Iowa,3.0,2.449247482,0.12925255,0.02047274,309
district,1902.0,Iowa,2.0,3.470449716,0.184306127,0.029856433,310
district,1904.0,Iowa,4.0,6.494809124,0.213474149,0.034203916,311
district,1901.0,Iowa,1.0,3.452062205,0.191177669,0.026509898,312
state,18.0,Indiana,,9.869400895,0.230595717,0.043862679,313
district,1803.0,Indiana,3.0,1.178809478,0.081803133,0.014946382,314
district,1802.0,Indiana,2.0,1.10433233,0.084043191,0.012965125,315
district,1805.0,Indiana,5.0,0.528756854,0.064954248,0.009969845,316
district,1808.0,Indiana,8.0,1.979052536,0.186365795,0.025104711,317
district,1804.0,Indiana,4.0,1.762883384,0.110550499,0.017042667,318
district,1809.0,Indiana,9.0,1.203995734,0.106187291,0.015285736,319
district,1806.0,Indiana,6.0,1.707102781,0.108448715,0.016277942,320
district,1801.0,Indiana,1.0,0.392163908,0.047523716,0.008369291,321
district,1807.0,Indiana,7.0,0.087147535,0.021416796,0.003316955,322
state,17.0,Illinois,,15.41371956,0.29159878,0.053821678,323
district,1717.0,Illinois,17.0,1.965455049,0.185211078,0.022023695,324
district,1712.0,Illinois,12.0,1.366393003,0.144609511,0.019364167,325
district,1718.0,Illinois,18.0,2.926704723,0.202475389,0.022454605,326
district,1716.0,Illinois,16.0,2.220871495,0.164382383,0.023026402,327
district,1713.0,Illinois,13.0,1.579935367,0.162499009,0.021601216,328
district,1714.0,Illinois,14.0,0.461541999,0.085999613,0.010751077,329
district,1715.0,Illinois,15.0,4.016048913,0.252878001,0.032223343,330
district,1706.0,Illinois,6.0,0.111715723,0.047196378,0.005766341,331
district,1710.0,Illinois,10.0,0.088074637,0.035066099,0.004384875,332
district,1703.0,Illinois,3.0,0.069996159,0.030877109,0.004598937,333
district,1705.0,Illinois,5.0,0.025649806,0.023507378,0.002689624,334
district,1711.0,Illinois,11.0,0.07942169,0.04208936,0.00420539,335
district,1708.0,Illinois,8.0,0.059025458,0.028359765,0.003379335,336
district,1702.0,Illinois,2.0,0.302235069,0.050639743,0.009939299,337
district,1701.0,Illinois,1.0,0.074786183,0.039751413,0.006147581,338
district,1707.0,Illinois,7.0,0.017923961,0.01931525,0.002444029,339
district,1704.0,Illinois,4.0,0.015297174,0.026222104,0.002146941,340
district,1709.0,Illinois,9.0,0.028122077,0.021683962,0.002820705,341
state,16.0,Idaho,,24.45907547,0.410028113,0.085301968,342
district,1601.0,Idaho,1.0,11.81559879,0.450363063,0.064580424,343
district,1602.0,Idaho,2.0,12.4965548,0.359468695,0.039827393,344
state,15.0,Hawaii,,1.413001019,0.203068914,0.069465382,345
district,1502.0,Hawaii,2.0,2.37245258,0.424518004,0.348060691,346
district,1501.0,Hawaii,1.0,0.086220434,0.029252315,0.004841587,347
state,13.0,Georgia,,14.59538121,0.331404768,0.051217458,348
district,1302.0,Georgia,2.0,2.409227604,0.163625288,0.022354989,349
district,1313.0,Georgia,13.0,0.182948017,0.06075922,0.007214635,350
district,1301.0,Georgia,1.0,2.202329466,0.184537349,0.02185058,351
district,1303.0,Georgia,3.0,0.982727524,0.107239408,0.012546373,352
district,1304.0,Georgia,4.0,0.12685838,0.036547732,0.004501903,353
district,1314.0,Georgia,14.0,0.9240111,0.098648241,0.014066902,354
district,1309.0,Georgia,9.0,1.363457182,0.120687126,0.018617458,355
district,1310.0,Georgia,10.0,1.82654435,0.151515449,0.017331601,356
district,1308.0,Georgia,8.0,2.187032292,0.210088735,0.026306976,357
district,1306.0,Georgia,6.0,0.075249733,0.031097587,0.003894283,358
district,1311.0,Georgia,11.0,0.277357847,0.053827732,0.007410408,359
district,1312.0,Georgia,12.0,2.063418767,0.196107661,0.022071032,360
district,1307.0,Georgia,7.0,0.101826641,0.035495023,0.004433,361
district,1305.0,Georgia,5.0,0.068296473,0.023113157,0.00346561,362
state,12.0,Florida,,13.39022936,0.643768983,0.087238348,363
district,1214.0,Florida,14.0,0.124231593,0.040942923,0.006599795,364
district,1212.0,Florida,12.0,0.252017074,0.045446436,0.007381323,365
district,1213.0,Florida,13.0,0.100281472,0.028982636,0.004589185,366
district,1206.0,Florida,6.0,0.768721609,0.105839693,0.015496259,367
district,1217.0,Florida,17.0,1.681143941,0.127082818,0.015610833,368
district,1219.0,Florida,19.0,0.317995793,0.064796007,0.01231266,369
district,1205.0,Florida,5.0,0.373312846,0.173006405,0.019748879,370
district,1210.0,Florida,10.0,0.333447484,0.075159995,0.008887902,371
district,1202.0,Florida,2.0,2.446775212,0.154354794,0.023290407,372
district,1204.0,Florida,4.0,0.515313883,0.106718081,0.010288764,373
district,1215.0,Florida,15.0,0.208906857,0.051020319,0.006839332,374
district,1209.0,Florida,9.0,0.454279705,0.06909953,0.009635922,375
district,1211.0,Florida,11.0,0.695635112,0.085426169,0.011138683,376
district,1201.0,Florida,1.0,1.16227617,0.100299062,0.017127889,377
district,1226.0,Florida,26.0,1.137707981,0.157984713,0.032192482,378
district,1203.0,Florida,3.0,1.895304373,0.136495677,0.01755222,379
district,1227.0,Florida,27.0,0.13334809,0.034863421,0.005209938,380
district,1224.0,Florida,24.0,0.028122077,0.020027573,0.00285362,381
district,1223.0,Florida,23.0,0.067523888,0.031416443,0.005166898,382
district,1225.0,Florida,25.0,0.789735908,0.094601491,0.014972521,383
district,1208.0,Florida,8.0,0.572330621,0.072658231,0.012379949,384
district,1218.0,Florida,18.0,0.443618038,0.058018981,0.008671883,385
district,1220.0,Florida,20.0,0.630274461,0.101314786,0.011089131,386
district,1221.0,Florida,21.0,0.06242483,0.028098909,0.004577255,387
district,1222.0,Florida,22.0,0.085293332,0.046328033,0.006735333,388
district,1216.0,Florida,16.0,0.279366567,0.047402734,0.007538014,389
district,1207.0,Florida,7.0,0.1398378,0.045812794,0.004679607,390
state,10.0,Delaware,,0.529838186,0.06429954,0.01496111,391
district,1000.0,Delaware,0.0,0.670139823,0.073439643,0.014858582,392
state,9.0,Connecticut,,1.393940711,0.086906561,0.016438312,393
district,903.0,Connecticut,3.0,0.137520047,0.043190207,0.005376808,394
district,904.0,Connecticut,4.0,0.151272051,0.043720336,0.006490015,395
district,905.0,Connecticut,5.0,0.358170189,0.068757878,0.007242563,396
district,902.0,Connecticut,2.0,0.587782312,0.063695734,0.009870665,397
district,901.0,Connecticut,1.0,0.195927437,0.056998082,0.005822456,398
state,8.0,Colorado,,28.03525667,0.329609417,0.059572442,399
district,804.0,Colorado,4.0,10.33934427,0.288461544,0.043641129,400
district,801.0,Colorado,1.0,0.052072197,0.035266775,0.005204847,401
district,807.0,Colorado,7.0,0.097345651,0.040397363,0.005877536,402
district,805.0,Colorado,5.0,1.973798962,0.127548999,0.018410981,403
district,803.0,Colorado,3.0,13.34639779,0.34654299,0.047280283,404
district,806.0,Colorado,6.0,0.133966158,0.050869667,0.005968476,405
district,802.0,Colorado,2.0,2.113482245,0.165886929,0.018581951,406
state,6.0,California,,41.59424374,0.647110475,0.106827122,407
district,616.0,California,16.0,0.753887986,0.103144662,0.014220406,408
district,621.0,California,21.0,1.755003022,0.174297892,0.023146891,409
district,622.0,California,22.0,0.303007653,0.072032703,0.009821818,410
district,608.0,California,8.0,8.48436881,0.337960098,0.065573546,411
district,618.0,California,18.0,0.210142993,0.047852434,0.00568622,412
district,620.0,California,20.0,1.43994305,0.107262452,0.018461421,413
district,604.0,California,4.0,3.499344378,0.202422401,0.030770095,414
district,607.0,California,7.0,0.146018476,0.031416144,0.004445266,415
district,615.0,California,15.0,0.160234032,0.039406257,0.005899489,416
district,610.0,California,10.0,0.482556299,0.078424308,0.009511469,417
district,609.0,California,9.0,0.35214403,0.053863134,0.007589398,418
district,601.0,California,1.0,8.004439299,0.290591901,0.03454032,419
district,603.0,California,3.0,1.708802467,0.180311354,0.018257426,420
district,639.0,California,39.0,0.051608647,0.023155644,0.003210523,421
district,649.0,California,49.0,0.190519346,0.050871973,0.007781361,422
district,646.0,California,46.0,0.017923961,0.011516333,0.001871349,423
district,645.0,California,45.0,0.085293332,0.028609486,0.00401519,424
district,638.0,California,38.0,0.026422391,0.016603045,0.002195007,425
district,647.0,California,47.0,0.17383152,0.064079843,0.011623308,426
district,648.0,California,48.0,0.063660965,0.028682427,0.004010656,427
district,619.0,California,19.0,0.238883137,0.05927132,0.006447546,428
district,617.0,California,17.0,0.055008019,0.023151338,0.003100829,429
district,613.0,California,13.0,0.041410531,0.015636573,0.002615882,430
district,614.0,California,14.0,0.151890119,0.04448467,0.010587124,431
district,612.0,California,12.0,0.030285314,0.017947939,0.002484066,432
district,623.0,California,23.0,2.585994945,0.20907513,0.020818554,433
district,605.0,California,5.0,0.496617337,0.089969606,0.012446263,434
district,606.0,California,6.0,0.051608647,0.026900905,0.003285729,435
district,651.0,California,51.0,1.276309646,0.137696681,0.026099827,436
district,602.0,California,2.0,3.989935556,0.284183178,0.04212344,437
district,624.0,California,24.0,2.111473525,0.205548838,0.030754554,438
district,650.0,California,50.0,0.699498035,0.089476301,0.01121405,439
district,652.0,California,52.0,0.096264033,0.045591887,0.005637188,440
district,653.0,California,53.0,0.036929541,0.024598428,0.002735067,441
district,630.0,California,30.0,0.035847922,0.021658141,0.003257937,442
district,625.0,California,25.0,0.430947652,0.078932713,0.010033635,443
district,626.0,California,26.0,0.315987073,0.076807322,0.018607187,444
district,633.0,California,33.0,0.121450288,0.046132627,0.006747878,445
district,629.0,California,29.0,0.022404951,0.016613607,0.002257848,446
district,634.0,California,34.0,0.009889082,0.011336122,0.001458075,447
district,632.0,California,32.0,0.031985,0.023280412,0.002844201,448
district,643.0,California,43.0,0.013442971,0.011679782,0.002232839,449
district,635.0,California,35.0,0.041719565,0.025929201,0.003977374,450
district,644.0,California,44.0,0.028122077,0.018563079,0.003115338,451
district,628.0,California,28.0,0.052999299,0.028804051,0.003590573,452
district,627.0,California,27.0,0.186501906,0.042986441,0.005580717,453
district,637.0,California,37.0,0.012361353,0.009099984,0.001637808,454
district,640.0,California,40.0,0.019005579,0.015259151,0.00186583,455
district,642.0,California,42.0,0.245063813,0.078110636,0.007937914,456
district,641.0,California,41.0,0.081584927,0.033884638,0.004296036,457
district,636.0,California,36.0,1.511175344,0.114042064,0.02074439,458
district,631.0,California,31.0,0.057171255,0.034989267,0.004867596,459
district,611.0,California,11.0,0.141382969,0.040376852,0.006242804,460
state,5.0,Arkansas,,13.58926926,0.283247044,0.043412356,461
district,501.0,Arkansas,1.0,5.076807475,0.371261248,0.040237731,462
district,503.0,Arkansas,3.0,1.446278243,0.183853625,0.020543037,463
district,504.0,Arkansas,4.0,5.759772201,0.251522586,0.037663373,464
district,502.0,Arkansas,2.0,1.303041071,0.128655857,0.016232244,465
state,4.0,Arizona,,28.93863737,0.360834257,0.064344456,466
district,404.0,Arizona,4.0,8.483596226,0.485286092,0.043286901,467
district,403.0,Arizona,3.0,3.905723842,0.238144367,0.035479956,468
district,402.0,Arizona,2.0,1.977816401,0.116670898,0.018848069,469
district,401.0,Arizona,1.0,14.1809436,0.462201933,0.050885387,470
district,405.0,Arizona,5.0,0.07942169,0.019679436,0.003314331,471
district,407.0,Arizona,7.0,0.054698985,0.021007467,0.003049006,472
district,409.0,Arizona,9.0,0.035847922,0.029511296,0.003852478,473
district,406.0,Arizona,6.0,0.159770481,0.0403383,0.004824729,474
district,408.0,Arizona,8.0,0.132266472,0.047316256,0.006037062,475
state,2.0,Alaska,,279.1759503,4.419365068,0.369782912,476
district,200.0,Alaska,0.0,314.0794077,3.130852166,0.373894477,477
state,1.0,Alabama,,12.86807065,0.278707,0.048037802,478
district,106.0,Alabama,6.0,1.058904359,0.158208156,0.016111953,479
district,101.0,Alabama,1.0,1.69319626,0.186484207,0.019336889,480
district,102.0,Alabama,2.0,2.535313399,0.200209498,0.02152142,481
district,107.0,Alabama,7.0,2.540103423,0.245787764,0.025535621,482
district,105.0,Alabama,5.0,0.980873321,0.110460877,0.021986277,483
district,103.0,Alabama,3.0,1.941195894,0.176715406,0.021643779,484
district,104.0,Alabama,4.0,2.316671977,0.202713627,0.026404493,485
